TRAIN_NUMBER,STATION_CODE,DIVISION_CODE,ZONE_CODE,PF_NUMBER
02187,CSMT,BB,CR,15
02188,CSMT,BB,CR,10
12321,CSMT,BB,CR,16
12322,CSMT,BB,CR,16
12361,CSMT,BB,CR,15
12362,CSMT,BB,CR,15
22177,CSMT,BB,CR,17
22178,CSMT,BB,CR,16
22359,CSMT,BB,CR,16
22360,CSMT,BB,CR,15
02187,DR,BB,CR,12
02188,DR,BB,CR,11
12321,DR,BB,CR,12
12322,DR,BB,CR,11
12361,DR,BB,CR,12
12362,DR,BB,CR,11
22177,DR,BB,CR,10
22178,DR,BB,CR,12
11071,IGP,BB,CR,1
11072,IGP,BB,CR,3
12335,IGP,BB,CR,3
12336,IGP,BB,CR,1
15017,IGP,BB,CR,4
15018,IGP,BB,CR,4
22177,IGP,BB,CR,1
22178,IGP,BB,CR,3
22183,IGP,BB,CR,1
22311,IGP,BB,CR,3
22312,IGP,BB,CR,3
12322,KSRA,BB,CR,1
13201,KSRA,BB,CR,2
13202,KSRA,BB,CR,1
02187,KYN,BB,CR,5
02188,KYN,BB,CR,4
05557,KYN,BB,CR,4
05558,KYN,BB,CR,4
11015,KYN,BB,CR,4
11016,KYN,BB,CR,4
11055,KYN,BB,CR,4
11056,KYN,BB,CR,6
11059,KYN,BB,CR,4
11060,KYN,BB,CR,4
11061,KYN,BB,CR,4
11062,KYN,BB,CR,6
11071,KYN,BB,CR,4
11072,KYN,BB,CR,5
11081,KYN,BB,CR,4
11082,KYN,BB,CR,4
12141,KYN,BB,CR,4
12142,KYN,BB,CR,6
12165,KYN,BB,CR,4
12166,KYN,BB,CR,6
12167,KYN,BB,CR,4
12168,KYN,BB,CR,4
12321,KYN,BB,CR,5
12322,KYN,BB,CR,4
12335,KYN,BB,CR,4
12336,KYN,BB,CR,4
12361,KYN,BB,CR,6
12362,KYN,BB,CR,4
12519,KYN,BB,CR,4
12520,KYN,BB,CR,6
12545,KYN,BB,CR,6
12546,KYN,BB,CR,4
12741,KYN,BB,CR,4
12742,KYN,BB,CR,4
13201,KYN,BB,CR,6
13202,KYN,BB,CR,4
15017,KYN,BB,CR,2
15018,KYN,BB,CR,1A
15181,KYN,BB,CR,5
15182,KYN,BB,CR,4
15267,KYN,BB,CR,6
15268,KYN,BB,CR,6
15647,KYN,BB,CR,4
15648,KYN,BB,CR,4
15945,KYN,BB,CR,4
15946,KYN,BB,CR,4
18609,KYN,BB,CR,6
18610,KYN,BB,CR,4
22103,KYN,BB,CR,4
22104,KYN,BB,CR,6
22177,KYN,BB,CR,4
22178,KYN,BB,CR,6
22183,KYN,BB,CR,2
22184,KYN,BB,CR,4
22311,KYN,BB,CR,4
22312,KYN,BB,CR,4
22359,KYN,BB,CR,5
22360,KYN,BB,CR,4
22553,KYN,BB,CR,4
22554,KYN,BB,CR,4
04151,LTT,BB,CR,5
04152,LTT,BB,CR,5
05557,LTT,BB,CR,1
05558,LTT,BB,CR,1
11015,LTT,BB,CR,5
11016,LTT,BB,CR,5
11055,LTT,BB,CR,3
11056,LTT,BB,CR,2
11059,LTT,BB,CR,3
11060,LTT,BB,CR,2
11061,LTT,BB,CR,4
11062,LTT,BB,CR,3
11071,LTT,BB,CR,3
11072,LTT,BB,CR,2
11081,LTT,BB,CR,3
11082,LTT,BB,CR,4
12141,LTT,BB,CR,1
12142,LTT,BB,CR,2
12165,LTT,BB,CR,1
12166,LTT,BB,CR,3
12167,LTT,BB,CR,5
12168,LTT,BB,CR,1
12293,LTT,BB,CR,3
12294,LTT,BB,CR,5
12335,LTT,BB,CR,1
12336,LTT,BB,CR,2
12519,LTT,BB,CR,1
12520,LTT,BB,CR,4
12545,LTT,BB,CR,5
12546,LTT,BB,CR,3
13201,LTT,BB,CR,5
13202,LTT,BB,CR,5
15017,LTT,BB,CR,2
15018,LTT,BB,CR,3
15181,LTT,BB,CR,5
15182,LTT,BB,CR,5
15267,LTT,BB,CR,5
15268,LTT,BB,CR,3
15647,LTT,BB,CR,2
15648,LTT,BB,CR,1
15945,LTT,BB,CR,2
15946,LTT,BB,CR,1
18609,LTT,BB,CR,4
18610,LTT,BB,CR,3
22103,LTT,BB,CR,1
22104,LTT,BB,CR,4
22183,LTT,BB,CR,1
22184,LTT,BB,CR,3
22311,LTT,BB,CR,1
22312,LTT,BB,CR,2
22553,LTT,BB,CR,1
22554,LTT,BB,CR,1
12741,PNVL,BB,CR,5
12742,PNVL,BB,CR,6
11015,TNA,BB,CR,7
11016,TNA,BB,CR,7
11055,TNA,BB,CR,7
11056,TNA,BB,CR,8
11059,TNA,BB,CR,7
11060,TNA,BB,CR,8
11061,TNA,BB,CR,7
11062,TNA,BB,CR,8
11071,TNA,BB,CR,7
11072,TNA,BB,CR,8
12141,TNA,BB,CR,7
12142,TNA,BB,CR,8
12165,TNA,BB,CR,7
12166,TNA,BB,CR,8
12335,TNA,BB,CR,8
12519,TNA,BB,CR,7
12520,TNA,BB,CR,8
13201,TNA,BB,CR,8
15017,TNA,BB,CR,7
15018,TNA,BB,CR,8
15648,TNA,BB,CR,8
15946,TNA,BB,CR,8
22177,TNA,BB,CR,5
22178,TNA,BB,CR,6
22183,TNA,BB,CR,7
22184,TNA,BB,CR,8
22311,TNA,BB,CR,8
20151,AK,BSL,CR,3
20152,AK,BSL,CR,3
01053,BAU,BSL,CR,2
01054,BAU,BSL,CR,1
11061,BAU,BSL,CR,2
11062,BAU,BSL,CR,1
11071,BAU,BSL,CR,2
11072,BAU,BSL,CR,1
12149,BAU,BSL,CR,2
12150,BAU,BSL,CR,1
12167,BAU,BSL,CR,2
12168,BAU,BSL,CR,1
12321,BAU,BSL,CR,1
12322,BAU,BSL,CR,2
12335,BAU,BSL,CR,1
12336,BAU,BSL,CR,2
13201,BAU,BSL,CR,1
13202,BAU,BSL,CR,2
15017,BAU,BSL,CR,2
15018,BAU,BSL,CR,1
15647,BAU,BSL,CR,2
15648,BAU,BSL,CR,1
15945,BAU,BSL,CR,2
15946,BAU,BSL,CR,1
19045,BAU,BSL,CR,2
19046,BAU,BSL,CR,1
22177,BAU,BSL,CR,2
22178,BAU,BSL,CR,1
22183,BAU,BSL,CR,2
22184,BAU,BSL,CR,1
22311,BAU,BSL,CR,1
22312,BAU,BSL,CR,2
22937,BAU,BSL,CR,2
22938,BAU,BSL,CR,1
22947,BAU,BSL,CR,2
22948,BAU,BSL,CR,1
22967,BAU,BSL,CR,2
22968,BAU,BSL,CR,1
20151,BD,BSL,CR,2
20152,BD,BSL,CR,2
01053,BSL,BSL,CR,6
01054,BSL,BSL,CR,2
01149,BSL,BSL,CR,6
01150,BSL,BSL,CR,2
02187,BSL,BSL,CR,3
02188,BSL,BSL,CR,6
03379,BSL,BSL,CR,3
03380,BSL,BSL,CR,6
04115,BSL,BSL,CR,3
04116,BSL,BSL,CR,3
04151,BSL,BSL,CR,4
04152,BSL,BSL,CR,5
05289,BSL,BSL,CR,2
05290,BSL,BSL,CR,6
05557,BSL,BSL,CR,2
05558,BSL,BSL,CR,5
05585,BSL,BSL,CR,3
05586,BSL,BSL,CR,7
06211,BSL,BSL,CR,7
06212,BSL,BSL,CR,2
07311,BSL,BSL,CR,7
07312,BSL,BSL,CR,3
07315,BSL,BSL,CR,6
07316,BSL,BSL,CR,2
07328,BSL,BSL,CR,2
07651,BSL,BSL,CR,6
07652,BSL,BSL,CR,3
09025,BSL,BSL,CR,6
09026,BSL,BSL,CR,2
09029,BSL,BSL,CR,6
09030,BSL,BSL,CR,2
09031,BSL,BSL,CR,6
09032,BSL,BSL,CR,3
09033,BSL,BSL,CR,6
09034,BSL,BSL,CR,2
09039,BSL,BSL,CR,7
09040,BSL,BSL,CR,2
09045,BSL,BSL,CR,6
09046,BSL,BSL,CR,2
09065,BSL,BSL,CR,5
09066,BSL,BSL,CR,2
11015,BSL,BSL,CR,6
11016,BSL,BSL,CR,2
11033,BSL,BSL,CR,6
11034,BSL,BSL,CR,2
11037,BSL,BSL,CR,6
11038,BSL,BSL,CR,3
11055,BSL,BSL,CR,5
11056,BSL,BSL,CR,3
11059,BSL,BSL,CR,5
11060,BSL,BSL,CR,3
11061,BSL,BSL,CR,5
11062,BSL,BSL,CR,3
11071,BSL,BSL,CR,5
11072,BSL,BSL,CR,3
11072,BSL,BSL,CR,4
11081,BSL,BSL,CR,5
11082,BSL,BSL,CR,3
11427,BSL,BSL,CR,5
11428,BSL,BSL,CR,2
12141,BSL,BSL,CR,5
12142,BSL,BSL,CR,3
12149,BSL,BSL,CR,5
12150,BSL,BSL,CR,4
12165,BSL,BSL,CR,6
12166,BSL,BSL,CR,3
12167,BSL,BSL,CR,5
12168,BSL,BSL,CR,4
12293,BSL,BSL,CR,5
12294,BSL,BSL,CR,4
12321,BSL,BSL,CR,3
12322,BSL,BSL,CR,6
12335,BSL,BSL,CR,4
12336,BSL,BSL,CR,7
12361,BSL,BSL,CR,2
12362,BSL,BSL,CR,7
12519,BSL,BSL,CR,5
12520,BSL,BSL,CR,3
12545,BSL,BSL,CR,2
12546,BSL,BSL,CR,5
12741,BSL,BSL,CR,5
12742,BSL,BSL,CR,4
13201,BSL,BSL,CR,3
13202,BSL,BSL,CR,5
15017,BSL,BSL,CR,6
15018,BSL,BSL,CR,4
15181,BSL,BSL,CR,3
15182,BSL,BSL,CR,6
15267,BSL,BSL,CR,2
15268,BSL,BSL,CR,6
15647,BSL,BSL,CR,7
15648,BSL,BSL,CR,4
15945,BSL,BSL,CR,7
15946,BSL,BSL,CR,4
17323,BSL,BSL,CR,6
17324,BSL,BSL,CR,2
18609,BSL,BSL,CR,4
18610,BSL,BSL,CR,5
19045,BSL,BSL,CR,5
19046,BSL,BSL,CR,3
19051,BSL,BSL,CR,5
19052,BSL,BSL,CR,2
20151,BSL,BSL,CR,4
20152,BSL,BSL,CR,4
20903,BSL,BSL,CR,5
20904,BSL,BSL,CR,2
20905,BSL,BSL,CR,7
20906,BSL,BSL,CR,3
20929,BSL,BSL,CR,6
20930,BSL,BSL,CR,2
20933,BSL,BSL,CR,5
20934,BSL,BSL,CR,3
22103,BSL,BSL,CR,6
22104,BSL,BSL,CR,3
22131,BSL,BSL,CR,6
22132,BSL,BSL,CR,2
22177,BSL,BSL,CR,6
22178,BSL,BSL,CR,3
22183,BSL,BSL,CR,6
22184,BSL,BSL,CR,3
22311,BSL,BSL,CR,4
22312,BSL,BSL,CR,4
22359,BSL,BSL,CR,7
22360,BSL,BSL,CR,7
22553,BSL,BSL,CR,2
22554,BSL,BSL,CR,5
22563,BSL,BSL,CR,2
22564,BSL,BSL,CR,5
22687,BSL,BSL,CR,6
22688,BSL,BSL,CR,2
22913,BSL,BSL,CR,5
22914,BSL,BSL,CR,2
22937,BSL,BSL,CR,5
22938,BSL,BSL,CR,3
22947,BSL,BSL,CR,5
22948,BSL,BSL,CR,3
22967,BSL,BSL,CR,5
22968,BSL,BSL,CR,3
22971,BSL,BSL,CR,5
22972,BSL,BSL,CR,2
A17409,BSL,BSL,CR,1
11061,CSN,BSL,CR,2
11071,CSN,BSL,CR,1
11072,CSN,BSL,CR,3
12321,CSN,BSL,CR,3
12322,CSN,BSL,CR,2
13201,CSN,BSL,CR,3
13202,CSN,BSL,CR,2
15017,CSN,BSL,CR,2
15018,CSN,BSL,CR,3
22177,CSN,BSL,CR,2
22178,CSN,BSL,CR,3
01053,DVL,BSL,CR,3
13201,DVL,BSL,CR,2
13202,DVL,BSL,CR,1
01053,JL,BSL,CR,3
01054,JL,BSL,CR,1
01149,JL,BSL,CR,3
01150,JL,BSL,CR,2
07328,JL,BSL,CR,2
09025,JL,BSL,CR,3
09026,JL,BSL,CR,2
09039,JL,BSL,CR,6
09040,JL,BSL,CR,5
09045,JL,BSL,CR,3
09046,JL,BSL,CR,2
11015,JL,BSL,CR,3
11016,JL,BSL,CR,2
11037,JL,BSL,CR,3
11038,JL,BSL,CR,2
11061,JL,BSL,CR,3
11062,JL,BSL,CR,2
11071,JL,BSL,CR,4
11072,JL,BSL,CR,2
12141,JL,BSL,CR,3
12165,JL,BSL,CR,3
12166,JL,BSL,CR,2
12321,JL,BSL,CR,2
12322,JL,BSL,CR,3
12519,JL,BSL,CR,3
12520,JL,BSL,CR,2
13201,JL,BSL,CR,2
13202,JL,BSL,CR,3
15017,JL,BSL,CR,3
15018,JL,BSL,CR,2
15181,JL,BSL,CR,2
15182,JL,BSL,CR,3
19045,JL,BSL,CR,6
19046,JL,BSL,CR,5
19051,JL,BSL,CR,6
19052,JL,BSL,CR,5
20151,JL,BSL,CR,3
20152,JL,BSL,CR,2
20905,JL,BSL,CR,6
20906,JL,BSL,CR,5
20929,JL,BSL,CR,6
20930,JL,BSL,CR,5
20933,JL,BSL,CR,6
20934,JL,BSL,CR,5
22103,JL,BSL,CR,4
22104,JL,BSL,CR,2
22177,JL,BSL,CR,3
22178,JL,BSL,CR,2
22563,JL,BSL,CR,5
22564,JL,BSL,CR,6
22937,JL,BSL,CR,6
22938,JL,BSL,CR,5
22947,JL,BSL,CR,6
22948,JL,BSL,CR,5
22967,JL,BSL,CR,6
22968,JL,BSL,CR,5
01053,KNW,BSL,CR,4
01054,KNW,BSL,CR,5
02187,KNW,BSL,CR,5
02188,KNW,BSL,CR,4
03379,KNW,BSL,CR,5
03380,KNW,BSL,CR,4
04115,KNW,BSL,CR,5
04116,KNW,BSL,CR,4
05289,KNW,BSL,CR,5
05290,KNW,BSL,CR,4
05557,KNW,BSL,CR,5
05558,KNW,BSL,CR,4
05585,KNW,BSL,CR,5
05586,KNW,BSL,CR,4
07311,KNW,BSL,CR,4
07312,KNW,BSL,CR,5
07315,KNW,BSL,CR,4
07316,KNW,BSL,CR,5
07328,KNW,BSL,CR,5
07651,KNW,BSL,CR,4
07652,KNW,BSL,CR,5
09025,KNW,BSL,CR,4
09026,KNW,BSL,CR,5
09029,KNW,BSL,CR,4
09030,KNW,BSL,CR,5
09031,KNW,BSL,CR,4
09032,KNW,BSL,CR,5
09033,KNW,BSL,CR,4
09034,KNW,BSL,CR,5
09039,KNW,BSL,CR,4
09040,KNW,BSL,CR,5
09045,KNW,BSL,CR,4
09046,KNW,BSL,CR,5
11033,KNW,BSL,CR,4
11034,KNW,BSL,CR,5
11037,KNW,BSL,CR,4
11038,KNW,BSL,CR,5
11061,KNW,BSL,CR,4
11062,KNW,BSL,CR,5
11071,KNW,BSL,CR,4
11072,KNW,BSL,CR,5
11081,KNW,BSL,CR,4
11082,KNW,BSL,CR,5
12149,KNW,BSL,CR,4
12150,KNW,BSL,CR,5
12167,KNW,BSL,CR,4
12168,KNW,BSL,CR,6
12321,KNW,BSL,CR,5
12322,KNW,BSL,CR,4
12335,KNW,BSL,CR,5
12336,KNW,BSL,CR,4
12361,KNW,BSL,CR,5
12362,KNW,BSL,CR,4
12519,KNW,BSL,CR,4
12520,KNW,BSL,CR,5
12545,KNW,BSL,CR,5
12546,KNW,BSL,CR,4
12741,KNW,BSL,CR,4
12742,KNW,BSL,CR,5
13201,KNW,BSL,CR,5
13202,KNW,BSL,CR,4
15017,KNW,BSL,CR,4
15018,KNW,BSL,CR,5
15267,KNW,BSL,CR,5
15268,KNW,BSL,CR,4
15647,KNW,BSL,CR,4
15648,KNW,BSL,CR,5
15945,KNW,BSL,CR,4
15946,KNW,BSL,CR,5
17323,KNW,BSL,CR,4
17324,KNW,BSL,CR,5
18609,KNW,BSL,CR,6
18610,KNW,BSL,CR,4
19045,KNW,BSL,CR,4
19046,KNW,BSL,CR,5
20905,KNW,BSL,CR,4
20906,KNW,BSL,CR,5
20929,KNW,BSL,CR,4
20930,KNW,BSL,CR,6
20933,KNW,BSL,CR,4
20934,KNW,BSL,CR,5
22131,KNW,BSL,CR,4
22132,KNW,BSL,CR,5
22177,KNW,BSL,CR,4
22178,KNW,BSL,CR,5
22183,KNW,BSL,CR,4
22184,KNW,BSL,CR,5
22311,KNW,BSL,CR,5
22312,KNW,BSL,CR,4
22553,KNW,BSL,CR,5
22554,KNW,BSL,CR,4
22563,KNW,BSL,CR,6
22564,KNW,BSL,CR,4
22687,KNW,BSL,CR,4
22688,KNW,BSL,CR,5
22937,KNW,BSL,CR,4
22938,KNW,BSL,CR,5
22947,KNW,BSL,CR,4
22948,KNW,BSL,CR,5
22967,KNW,BSL,CR,4
22968,KNW,BSL,CR,5
01053,LS,BSL,CR,2
11071,LS,BSL,CR,1
11072,LS,BSL,CR,3
15017,LS,BSL,CR,2
15018,LS,BSL,CR,3
01053,MMR,BSL,CR,1
01054,MMR,BSL,CR,5
01149,MMR,BSL,CR,2
01150,MMR,BSL,CR,3
02187,MMR,BSL,CR,3
02188,MMR,BSL,CR,2
03379,MMR,BSL,CR,3
03380,MMR,BSL,CR,2
05289,MMR,BSL,CR,5
05290,MMR,BSL,CR,1
05557,MMR,BSL,CR,3
05558,MMR,BSL,CR,2
05585,MMR,BSL,CR,3
05586,MMR,BSL,CR,2
06211,MMR,BSL,CR,1
06212,MMR,BSL,CR,5
07311,MMR,BSL,CR,2
07312,MMR,BSL,CR,3
07315,MMR,BSL,CR,1
07316,MMR,BSL,CR,5
07328,MMR,BSL,CR,5
07651,MMR,BSL,CR,1
07652,MMR,BSL,CR,6
11033,MMR,BSL,CR,2
11034,MMR,BSL,CR,5
11037,MMR,BSL,CR,2
11038,MMR,BSL,CR,5
11061,MMR,BSL,CR,2
11062,MMR,BSL,CR,3
11071,MMR,BSL,CR,2
11072,MMR,BSL,CR,3
11427,MMR,BSL,CR,1
11428,MMR,BSL,CR,6
12141,MMR,BSL,CR,2
12142,MMR,BSL,CR,3
12149,MMR,BSL,CR,1
12150,MMR,BSL,CR,4
12165,MMR,BSL,CR,2
12166,MMR,BSL,CR,3
12321,MMR,BSL,CR,3
12322,MMR,BSL,CR,2
12335,MMR,BSL,CR,3
12336,MMR,BSL,CR,2
12361,MMR,BSL,CR,3
12362,MMR,BSL,CR,2
12519,MMR,BSL,CR,2
12520,MMR,BSL,CR,3
12545,MMR,BSL,CR,3
12546,MMR,BSL,CR,1
12741,MMR,BSL,CR,2
12742,MMR,BSL,CR,3
13201,MMR,BSL,CR,3
13202,MMR,BSL,CR,2
15017,MMR,BSL,CR,2
15018,MMR,BSL,CR,3
15647,MMR,BSL,CR,2
15648,MMR,BSL,CR,3
15945,MMR,BSL,CR,2
15946,MMR,BSL,CR,3
17323,MMR,BSL,CR,1
17324,MMR,BSL,CR,5
18609,MMR,BSL,CR,3
18610,MMR,BSL,CR,1
20151,MMR,BSL,CR,4
20152,MMR,BSL,CR,4
22131,MMR,BSL,CR,2
22132,MMR,BSL,CR,5
22177,MMR,BSL,CR,2
22178,MMR,BSL,CR,3
22183,MMR,BSL,CR,2
22184,MMR,BSL,CR,3
22311,MMR,BSL,CR,3
22312,MMR,BSL,CR,3
22553,MMR,BSL,CR,3
22554,MMR,BSL,CR,2
22687,MMR,BSL,CR,1
22688,MMR,BSL,CR,5
11071,NGN,BSL,CR,3
11072,NGN,BSL,CR,2
13201,NGN,BSL,CR,2
13202,NGN,BSL,CR,3
15017,NGN,BSL,CR,3
15018,NGN,BSL,CR,2
22177,NGN,BSL,CR,3
22178,NGN,BSL,CR,2
01053,NK,BSL,CR,2
01149,NK,BSL,CR,2
01150,NK,BSL,CR,3
02187,NK,BSL,CR,4
02188,NK,BSL,CR,2
04115,NK,BSL,CR,3
04116,NK,BSL,CR,2
11015,NK,BSL,CR,2
11016,NK,BSL,CR,3
11055,NK,BSL,CR,2
11056,NK,BSL,CR,3
11059,NK,BSL,CR,2
11060,NK,BSL,CR,3
11061,NK,BSL,CR,2
11062,NK,BSL,CR,3
11071,NK,BSL,CR,2
11072,NK,BSL,CR,3
11081,NK,BSL,CR,2
11082,NK,BSL,CR,3
12141,NK,BSL,CR,2
12142,NK,BSL,CR,3
12165,NK,BSL,CR,2
12166,NK,BSL,CR,3
12167,NK,BSL,CR,2
12168,NK,BSL,CR,3
12321,NK,BSL,CR,4
12322,NK,BSL,CR,2
12335,NK,BSL,CR,3
12336,NK,BSL,CR,2
12519,NK,BSL,CR,2
12520,NK,BSL,CR,3
12741,NK,BSL,CR,2
12742,NK,BSL,CR,3
13201,NK,BSL,CR,3
13202,NK,BSL,CR,2
15017,NK,BSL,CR,2
15018,NK,BSL,CR,3
15181,NK,BSL,CR,3
15182,NK,BSL,CR,2
15267,NK,BSL,CR,3
15268,NK,BSL,CR,2
15647,NK,BSL,CR,2
15648,NK,BSL,CR,3
15945,NK,BSL,CR,2
15946,NK,BSL,CR,3
18609,NK,BSL,CR,3
18610,NK,BSL,CR,2
22103,NK,BSL,CR,2
22104,NK,BSL,CR,3
22177,NK,BSL,CR,2
22178,NK,BSL,CR,3
22183,NK,BSL,CR,2
22184,NK,BSL,CR,3
22311,NK,BSL,CR,3
22312,NK,BSL,CR,2
11071,NPNR,BSL,CR,1
11072,NPNR,BSL,CR,2
13201,NPNR,BSL,CR,2
13202,NPNR,BSL,CR,1
15017,NPNR,BSL,CR,1
15018,NPNR,BSL,CR,2
13201,NR,BSL,CR,3
13202,NR,BSL,CR,2
11061,PC,BSL,CR,3
11071,PC,BSL,CR,4
11072,PC,BSL,CR,2
15017,PC,BSL,CR,3
15018,PC,BSL,CR,2
22177,PC,BSL,CR,3
22178,PC,BSL,CR,2
11071,RV,BSL,CR,1
11072,RV,BSL,CR,2
12149,RV,BSL,CR,1
12150,RV,BSL,CR,2
13201,RV,BSL,CR,2
13202,RV,BSL,CR,1
15017,RV,BSL,CR,1
15018,RV,BSL,CR,2
19045,RV,BSL,CR,1
19046,RV,BSL,CR,2
11045,AMLA,NGP,CR,1
11046,AMLA,NGP,CR,2
03251,BPQ,NGP,CR,3
03252,BPQ,NGP,CR,5
03259,BPQ,NGP,CR,2
03260,BPQ,NGP,CR,4
03679,BPQ,NGP,CR,2
03680,BPQ,NGP,CR,4
05293,BPQ,NGP,CR,2
05294,BPQ,NGP,CR,4
06509,BPQ,NGP,CR,4
06510,BPQ,NGP,CR,2
06563,BPQ,NGP,CR,4
06564,BPQ,NGP,CR,2
07007,BPQ,NGP,CR,4
07008,BPQ,NGP,CR,2
07419,BPQ,NGP,CR,4
07420,BPQ,NGP,CR,2
12295,BPQ,NGP,CR,4
12296,BPQ,NGP,CR,2
12389,BPQ,NGP,CR,2
12390,BPQ,NGP,CR,5
12539,BPQ,NGP,CR,5
12540,BPQ,NGP,CR,1
12577,BPQ,NGP,CR,2
12578,BPQ,NGP,CR,5
12669,BPQ,NGP,CR,5
12670,BPQ,NGP,CR,1
12791,BPQ,NGP,CR,4
12792,BPQ,NGP,CR,2
16367,BPQ,NGP,CR,3
16368,BPQ,NGP,CR,2
22351,BPQ,NGP,CR,2
22352,BPQ,NGP,CR,5
22353,BPQ,NGP,CR,2
22354,BPQ,NGP,CR,4
22535,BPQ,NGP,CR,4
22536,BPQ,NGP,CR,1
22613,BPQ,NGP,CR,4
22614,BPQ,NGP,CR,1
22669,BPQ,NGP,CR,4
22670,BPQ,NGP,CR,2
22683,BPQ,NGP,CR,3
22684,BPQ,NGP,CR,2
11045,BZU,NGP,CR,2
11046,BZU,NGP,CR,1
12295,BZU,NGP,CR,2
12296,BZU,NGP,CR,1
12577,BZU,NGP,CR,1
12578,BZU,NGP,CR,3
12669,BZU,NGP,CR,2
12670,BZU,NGP,CR,1
12791,BZU,NGP,CR,3
12792,BZU,NGP,CR,1
22351,BZU,NGP,CR,1
22352,BZU,NGP,CR,2
22353,BZU,NGP,CR,1
22354,BZU,NGP,CR,2
22669,BZU,NGP,CR,3
22670,BZU,NGP,CR,1
22683,BZU,NGP,CR,2
22684,BZU,NGP,CR,1
03241,CD,NGP,CR,1
03242,CD,NGP,CR,2
03248,CD,NGP,CR,2
03251,CD,NGP,CR,1
03252,CD,NGP,CR,2
03259,CD,NGP,CR,1
03260,CD,NGP,CR,2
12295,CD,NGP,CR,2
12296,CD,NGP,CR,1
12577,CD,NGP,CR,1
12578,CD,NGP,CR,2
12669,CD,NGP,CR,2
12670,CD,NGP,CR,1
12791,CD,NGP,CR,2
12792,CD,NGP,CR,1
16601,CD,NGP,CR,2
16602,CD,NGP,CR,1
22351,CD,NGP,CR,1
22352,CD,NGP,CR,2
22353,CD,NGP,CR,1
22354,CD,NGP,CR,2
22535,CD,NGP,CR,2
22536,CD,NGP,CR,1
22613,CD,NGP,CR,2
22614,CD,NGP,CR,1
22669,CD,NGP,CR,2
22670,CD,NGP,CR,1
11045,GDYA,NGP,CR,1
11046,GDYA,NGP,CR,3
12295,GDYA,NGP,CR,1
12296,GDYA,NGP,CR,3
12577,GDYA,NGP,CR,2
12578,GDYA,NGP,CR,1
12791,GDYA,NGP,CR,1
12792,GDYA,NGP,CR,3
22669,GDYA,NGP,CR,1
22670,GDYA,NGP,CR,3
12791,KATL,NGP,CR,7B
11045,MJRI,NGP,CR,1
11046,MJRI,NGP,CR,1
17609,MJRI,NGP,CR,3
17610,MJRI,NGP,CR,1
03251,NGP,NGP,CR,2
03252,NGP,NGP,CR,1
03259,NGP,NGP,CR,2
03260,NGP,NGP,CR,1
03679,NGP,NGP,CR,3
03680,NGP,NGP,CR,1
05293,NGP,NGP,CR,2
05294,NGP,NGP,CR,4
06509,NGP,NGP,CR,1
06510,NGP,NGP,CR,2
07007,NGP,NGP,CR,1
07008,NGP,NGP,CR,2
07022,NGP,NGP,CR,2
07419,NGP,NGP,CR,1
07420,NGP,NGP,CR,1
11045,NGP,NGP,CR,1
11046,NGP,NGP,CR,4
12295,NGP,NGP,CR,1
12296,NGP,NGP,CR,2
12539,NGP,NGP,CR,1
12540,NGP,NGP,CR,2
12577,NGP,NGP,CR,2
12578,NGP,NGP,CR,1
12669,NGP,NGP,CR,1
12670,NGP,NGP,CR,2
12791,NGP,NGP,CR,1
12792,NGP,NGP,CR,2
17609,NGP,NGP,CR,2
17610,NGP,NGP,CR,1
20151,NGP,NGP,CR,6
20152,NGP,NGP,CR,6
22351,NGP,NGP,CR,2
22352,NGP,NGP,CR,1
22353,NGP,NGP,CR,2
22354,NGP,NGP,CR,1
22535,NGP,NGP,CR,1
22536,NGP,NGP,CR,2
22613,NGP,NGP,CR,1
22614,NGP,NGP,CR,2
22669,NGP,NGP,CR,1
22670,NGP,NGP,CR,2
22683,NGP,NGP,CR,1
22684,NGP,NGP,CR,2
11045,NRKR,NGP,CR,1
11046,NRKR,NGP,CR,1
11045,PMKT,NGP,CR,1
03251,SEGM,NGP,CR,5
03252,SEGM,NGP,CR,1
03259,SEGM,NGP,CR,4
03260,SEGM,NGP,CR,3
07007,SEGM,NGP,CR,3
11045,SEGM,NGP,CR,1
11046,SEGM,NGP,CR,2
12295,SEGM,NGP,CR,4
12296,SEGM,NGP,CR,4
12669,SEGM,NGP,CR,1
12670,SEGM,NGP,CR,2
12791,SEGM,NGP,CR,1
12792,SEGM,NGP,CR,5
22535,SEGM,NGP,CR,1
22536,SEGM,NGP,CR,4
22683,SEGM,NGP,CR,1
22684,SEGM,NGP,CR,4
11045,WANI,NGP,CR,1
11046,WANI,NGP,CR,1
17609,WANI,NGP,CR,1
17610,WANI,NGP,CR,1
20152,WR,NGP,CR,1
17609,WRR,NGP,CR,2
17610,WRR,NGP,CR,3
11033,ANG,PUNE,CR,1
11034,ANG,PUNE,CR,2
11427,ANG,PUNE,CR,1
11428,ANG,PUNE,CR,1
12149,ANG,PUNE,CR,1
12150,ANG,PUNE,CR,2
17323,ANG,PUNE,CR,1
17324,ANG,PUNE,CR,1
20151,ANG,PUNE,CR,1
20152,ANG,PUNE,CR,1
22131,ANG,PUNE,CR,1
22132,ANG,PUNE,CR,2
22687,ANG,PUNE,CR,1
22688,ANG,PUNE,CR,1
11033,BAP,PUNE,CR,1
11034,BAP,PUNE,CR,2
12149,BAP,PUNE,CR,1
12150,BAP,PUNE,CR,1
22131,BAP,PUNE,CR,1
22132,BAP,PUNE,CR,2
17323,DD,PUNE,CR,3
17324,DD,PUNE,CR,3
22687,DD,PUNE,CR,3
22688,DD,PUNE,CR,3
11033,DDCC,PUNE,CR,1
11034,DDCC,PUNE,CR,1
11037,DDCC,PUNE,CR,1
11038,DDCC,PUNE,CR,1
11427,DDCC,PUNE,CR,1
11428,DDCC,PUNE,CR,1
12149,DDCC,PUNE,CR,1
12150,DDCC,PUNE,CR,1
20151,DDCC,PUNE,CR,1
20152,DDCC,PUNE,CR,1
22131,DDCC,PUNE,CR,1
22132,DDCC,PUNE,CR,1
20151,HDP,PUNE,CR,3
20152,HDP,PUNE,CR,3
11045,KOP,PUNE,CR,3
11046,KOP,PUNE,CR,3
11033,KPG,PUNE,CR,1
11034,KPG,PUNE,CR,2
11037,KPG,PUNE,CR,1
11038,KPG,PUNE,CR,2
11427,KPG,PUNE,CR,1
11428,KPG,PUNE,CR,2
12149,KPG,PUNE,CR,1
12150,KPG,PUNE,CR,2
17323,KPG,PUNE,CR,1
17324,KPG,PUNE,CR,2
20151,KPG,PUNE,CR,1
20152,KPG,PUNE,CR,2
22131,KPG,PUNE,CR,1
22132,KPG,PUNE,CR,2
22687,KPG,PUNE,CR,1
22688,KPG,PUNE,CR,1
11045,MRJ,PUNE,CR,4
11046,MRJ,PUNE,CR,3
11033,PUNE,PUNE,CR,2
11034,PUNE,PUNE,CR,6
11037,PUNE,PUNE,CR,5
11038,PUNE,PUNE,CR,2
11427,PUNE,PUNE,CR,1
11428,PUNE,PUNE,CR,6
12149,PUNE,PUNE,CR,1
12149,PUNE,PUNE,CR,4
12150,PUNE,PUNE,CR,2
22131,PUNE,PUNE,CR,2
22132,PUNE,PUNE,CR,1
11045,BTW,SUR,CR,1
11046,BTW,SUR,CR,1
11045,DLGN,SUR,CR,3
11046,DLGN,SUR,CR,3
11045,DRSV,SUR,CR,2
11046,DRSV,SUR,CR,2
11045,JTRD,SUR,CR,1
11046,JTRD,SUR,CR,1
22687,KLBG,SUR,CR,3
22688,KLBG,SUR,CR,2
11045,KVK,SUR,CR,1
11046,KVK,SUR,CR,1
11045,KWV,SUR,CR,3
11046,KWV,SUR,CR,3
11045,LUR,SUR,CR,1
11046,LUR,SUR,CR,1
11045,PVR,SUR,CR,1
11046,PVR,SUR,CR,1
11045,SGLA,SUR,CR,1
11046,SGLA,SUR,CR,1
17323,SUR,SUR,CR,3
17324,SUR,SUR,CR,1
22687,SUR,SUR,CR,3
22688,SUR,SUR,CR,1
22687,WADI,SUR,CR,3
22688,WADI,SUR,CR,2
20471,ANGL,KUR,ECOR,3
20472,ANGL,KUR,ECOR,1
20807,ANGL,KUR,ECOR,1
20808,ANGL,KUR,ECOR,3
22909,ANGL,KUR,ECOR,3
22910,ANGL,KUR,ECOR,1
20807,BALU,KUR,ECOR,3
20808,BALU,KUR,ECOR,2
20807,BAM,KUR,ECOR,1
20808,BAM,KUR,ECOR,2
18477,BBS,KUR,ECOR,3
18478,BBS,KUR,ECOR,4
20471,BBS,KUR,ECOR,4
20472,BBS,KUR,ECOR,2
20807,BBS,KUR,ECOR,2
20808,BBS,KUR,ECOR,4
22909,BBS,KUR,ECOR,4
22910,BBS,KUR,ECOR,1
18477,BHC,KUR,ECOR,4
18478,BHC,KUR,ECOR,2
20807,CAP,KUR,ECOR,1
20808,CAP,KUR,ECOR,2
18477,CTC,KUR,ECOR,2
18478,CTC,KUR,ECOR,3
20472,DNKL,KUR,ECOR,1
20807,DNKL,KUR,ECOR,1
20808,DNKL,KUR,ECOR,2
22910,DNKL,KUR,ECOR,1
18477,JJKR,KUR,ECOR,2
18478,JJKR,KUR,ECOR,3
18477,KUR,KUR,ECOR,3
18478,KUR,KUR,ECOR,6
20471,KUR,KUR,ECOR,3
20472,KUR,KUR,ECOR,6
20807,KUR,KUR,ECOR,2
20808,KUR,KUR,ECOR,4
22909,KUR,KUR,ECOR,3
22910,KUR,KUR,ECOR,3
20807,NQR,KUR,ECOR,1
20808,NQR,KUR,ECOR,2
20807,PSA,KUR,ECOR,3
20808,PSA,KUR,ECOR,2
18477,PURI,KUR,ECOR,8
18478,PURI,KUR,ECOR,5
20471,PURI,KUR,ECOR,4
20472,PURI,KUR,ECOR,6
22909,PURI,KUR,ECOR,4
22910,PURI,KUR,ECOR,6
20472,TLHD,KUR,ECOR,1
22910,TLHD,KUR,ECOR,1
20807,TLHR,KUR,ECOR,1
20808,TLHR,KUR,ECOR,1
20471,JSGR,SBP,ECOR,1
20472,JSGR,SBP,ECOR,1
20807,JSGR,SBP,ECOR,1
20808,JSGR,SBP,ECOR,1
22909,JSGR,SBP,ECOR,1
22910,JSGR,SBP,ECOR,1
20471,RAIR,SBP,ECOR,1
20472,RAIR,SBP,ECOR,2
20807,RAIR,SBP,ECOR,2
20808,RAIR,SBP,ECOR,1
20471,SBP,SBP,ECOR,1
20472,SBP,SBP,ECOR,1
20807,SBP,SBP,ECOR,2
20808,SBP,SBP,ECOR,2
22909,SBPY,SBP,ECOR,2
22910,SBPY,SBP,ECOR,1
20807,CHE,WAT,ECOR,2
20808,CHE,WAT,ECOR,3
20807,VSKP,WAT,ECOR,8
20808,VSKP,WAT,ECOR,2
20807,VZM,WAT,ECOR,4
20808,VZM,WAT,ECOR,3
03679,AUBR,DDU,ECR,2
03680,AUBR,DDU,ECR,3
06563,AUBR,DDU,ECR,3
06564,AUBR,DDU,ECR,2
11045,AUBR,DDU,ECR,3
11046,AUBR,DDU,ECR,2
12321,AUBR,DDU,ECR,2
12322,AUBR,DDU,ECR,3
18609,AUBR,DDU,ECR,2
18610,AUBR,DDU,ECR,3
22911,AUBR,DDU,ECR,3
22912,AUBR,DDU,ECR,2
03679,BBU,DDU,ECR,2
03680,BBU,DDU,ECR,3
06563,BBU,DDU,ECR,3
06564,BBU,DDU,ECR,2
07021,BBU,DDU,ECR,3
07022,BBU,DDU,ECR,2
11045,BBU,DDU,ECR,3
11046,BBU,DDU,ECR,2
12321,BBU,DDU,ECR,2
12322,BBU,DDU,ECR,3
12389,BBU,DDU,ECR,2
12390,BBU,DDU,ECR,3
18609,BBU,DDU,ECR,2
18610,BBU,DDU,ECR,3
22911,BBU,DDU,ECR,3
22912,BBU,DDU,ECR,2
01053,DDU,DDU,ECR,1
01054,DDU,DDU,ECR,6
01665,DDU,DDU,ECR,2
01666,DDU,DDU,ECR,8
01667,DDU,DDU,ECR,1
01668,DDU,DDU,ECR,5
01701,DDU,DDU,ECR,1
01702,DDU,DDU,ECR,5
03213,DDU,DDU,ECR,5
03214,DDU,DDU,ECR,1
03251,DDU,DDU,ECR,8
03252,DDU,DDU,ECR,3
03259,DDU,DDU,ECR,5
03260,DDU,DDU,ECR,3
03417,DDU,DDU,ECR,6
03418,DDU,DDU,ECR,1
03679,DDU,DDU,ECR,5
03680,DDU,DDU,ECR,1
05289,DDU,DDU,ECR,7
05290,DDU,DDU,ECR,1
05293,DDU,DDU,ECR,6
05294,DDU,DDU,ECR,1
05557,DDU,DDU,ECR,6
05558,DDU,DDU,ECR,2
05561,DDU,DDU,ECR,5
05562,DDU,DDU,ECR,1
05585,DDU,DDU,ECR,5
05586,DDU,DDU,ECR,1
06211,DDU,DDU,ECR,1
06212,DDU,DDU,ECR,5
06509,DDU,DDU,ECR,1
06510,DDU,DDU,ECR,3
06563,DDU,DDU,ECR,2
06564,DDU,DDU,ECR,6
07007,DDU,DDU,ECR,1
07008,DDU,DDU,ECR,8
07021,DDU,DDU,ECR,1
07022,DDU,DDU,ECR,6
07022,DDU,DDU,ECR,7
07311,DDU,DDU,ECR,1
07312,DDU,DDU,ECR,5
07315,DDU,DDU,ECR,1
07316,DDU,DDU,ECR,5
07357,DDU,DDU,ECR,1
07358,DDU,DDU,ECR,5
07419,DDU,DDU,ECR,1
07420,DDU,DDU,ECR,8
09031,DDU,DDU,ECR,1
09033,DDU,DDU,ECR,1
09034,DDU,DDU,ECR,1
09045,DDU,DDU,ECR,1
11015,DDU,DDU,ECR,2
11016,DDU,DDU,ECR,3
11045,DDU,DDU,ECR,3
11046,DDU,DDU,ECR,6
11427,DDU,DDU,ECR,1
11428,DDU,DDU,ECR,4
12141,DDU,DDU,ECR,1
12142,DDU,DDU,ECR,4
12149,DDU,DDU,ECR,1
12150,DDU,DDU,ECR,4
12295,DDU,DDU,ECR,2
12296,DDU,DDU,ECR,4
12321,DDU,DDU,ECR,7
12322,DDU,DDU,ECR,2
12335,DDU,DDU,ECR,4
12336,DDU,DDU,ECR,2
12361,DDU,DDU,ECR,6
12362,DDU,DDU,ECR,2
12389,DDU,DDU,ECR,4
12390,DDU,DDU,ECR,1
12519,DDU,DDU,ECR,2
12520,DDU,DDU,ECR,6
12545,DDU,DDU,ECR,6
12546,DDU,DDU,ECR,1
12577,DDU,DDU,ECR,4
12578,DDU,DDU,ECR,2
12741,DDU,DDU,ECR,2
12742,DDU,DDU,ECR,4
12791,DDU,DDU,ECR,2
12792,DDU,DDU,ECR,4
13201,DDU,DDU,ECR,7
13202,DDU,DDU,ECR,2
15647,DDU,DDU,ECR,2
15648,DDU,DDU,ECR,4
15945,DDU,DDU,ECR,2
15946,DDU,DDU,ECR,4
16601,DDU,DDU,ECR,3
16602,DDU,DDU,ECR,3
17609,DDU,DDU,ECR,4
17610,DDU,DDU,ECR,1
18609,DDU,DDU,ECR,6
18610,DDU,DDU,ECR,2
19421,DDU,DDU,ECR,4
19422,DDU,DDU,ECR,4
20933,DDU,DDU,ECR,1
20934,DDU,DDU,ECR,4
22311,DDU,DDU,ECR,4
22312,DDU,DDU,ECR,2
22351,DDU,DDU,ECR,4
22352,DDU,DDU,ECR,2
22353,DDU,DDU,ECR,4
22354,DDU,DDU,ECR,2
22359,DDU,DDU,ECR,8
22360,DDU,DDU,ECR,2
22553,DDU,DDU,ECR,6
22554,DDU,DDU,ECR,1
22563,DDU,DDU,ECR,4
22564,DDU,DDU,ECR,1
22669,DDU,DDU,ECR,2
22670,DDU,DDU,ECR,4
22911,DDU,DDU,ECR,3
22912,DDU,DDU,ECR,8
22913,DDU,DDU,ECR,1
22914,DDU,DDU,ECR,6
22947,DDU,DDU,ECR,1
22948,DDU,DDU,ECR,8
22971,DDU,DDU,ECR,1
22972,DDU,DDU,ECR,6
03679,DOS,DDU,ECR,3
03680,DOS,DDU,ECR,4
11045,DOS,DDU,ECR,4
11046,DOS,DDU,ECR,3
12321,DOS,DDU,ECR,3
12322,DOS,DDU,ECR,4
12389,DOS,DDU,ECR,3
12390,DOS,DDU,ECR,4
18609,DOS,DDU,ECR,3
18610,DOS,DDU,ECR,4
22911,DOS,DDU,ECR,4
22912,DOS,DDU,ECR,3
03417,GAYA,DDU,ECR,1
03418,GAYA,DDU,ECR,3
03679,GAYA,DDU,ECR,1
03680,GAYA,DDU,ECR,3
06563,GAYA,DDU,ECR,3
06564,GAYA,DDU,ECR,1
06904,GAYA,DDU,ECR,4
09039,GAYA,DDU,ECR,2
09040,GAYA,DDU,ECR,1
11045,GAYA,DDU,ECR,2
11046,GAYA,DDU,ECR,1
11427,GAYA,DDU,ECR,3
11428,GAYA,DDU,ECR,1
12321,GAYA,DDU,ECR,1
12322,GAYA,DDU,ECR,2
12389,GAYA,DDU,ECR,3
12390,GAYA,DDU,ECR,3
18609,GAYA,DDU,ECR,1
18610,GAYA,DDU,ECR,3
22911,GAYA,DDU,ECR,2
22912,GAYA,DDU,ECR,1
03417,SSM,DDU,ECR,2
03418,SSM,DDU,ECR,3
03679,SSM,DDU,ECR,2
03680,SSM,DDU,ECR,3
06563,SSM,DDU,ECR,3
06564,SSM,DDU,ECR,2
07021,SSM,DDU,ECR,4
07022,SSM,DDU,ECR,2
11045,SSM,DDU,ECR,3
11046,SSM,DDU,ECR,2
11427,SSM,DDU,ECR,3
11428,SSM,DDU,ECR,2
12321,SSM,DDU,ECR,2
12322,SSM,DDU,ECR,3
12389,SSM,DDU,ECR,2
12390,SSM,DDU,ECR,3
18609,SSM,DDU,ECR,2
18610,SSM,DDU,ECR,3
22911,SSM,DDU,ECR,3
22912,SSM,DDU,ECR,2
11447,BHME,DHN,ECR,1
11448,BHME,DHN,ECR,1
03379,BKRO,DHN,ECR,2
03380,BKRO,DHN,ECR,2
11447,BKRO,DHN,ECR,1
11448,BKRO,DHN,ECR,2
19413,BKRO,DHN,ECR,1
19414,BKRO,DHN,ECR,2
19607,BKRO,DHN,ECR,2
19608,BKRO,DHN,ECR,1
11447,BRKA,DHN,ECR,3
11448,BRKA,DHN,ECR,4
18009,BRKA,DHN,ECR,3
18010,BRKA,DHN,ECR,4
11447,BRMO,DHN,ECR,2
11448,BRMO,DHN,ECR,2
08611,BRWD,DHN,ECR,1
08612,BRWD,DHN,ECR,2
09619,BRWD,DHN,ECR,3
09620,BRWD,DHN,ECR,3
11447,BRWD,DHN,ECR,2
11448,BRWD,DHN,ECR,1
13025,BRWD,DHN,ECR,1
13026,BRWD,DHN,ECR,2
18009,BRWD,DHN,ECR,1
18010,BRWD,DHN,ECR,2
11447,CNPR,DHN,ECR,3
11448,CNPR,DHN,ECR,2
11447,CPDR,DHN,ECR,2
11448,CPDR,DHN,ECR,1
08611,CPU,DHN,ECR,3
08612,CPU,DHN,ECR,3
09619,CPU,DHN,ECR,4
09620,CPU,DHN,ECR,3
11447,CPU,DHN,ECR,3
11448,CPU,DHN,ECR,3
13025,CPU,DHN,ECR,3
13026,CPU,DHN,ECR,3
18009,CPU,DHN,ECR,3
18010,CPU,DHN,ECR,3
19413,CPU,DHN,ECR,3
19414,CPU,DHN,ECR,3
19607,CPU,DHN,ECR,3
19608,CPU,DHN,ECR,3
03379,CRP,DHN,ECR,1
03380,CRP,DHN,ECR,2
11447,CRP,DHN,ECR,3
11448,CRP,DHN,ECR,1
18609,CRP,DHN,ECR,2
18610,CRP,DHN,ECR,1
19413,CRP,DHN,ECR,2
19414,CRP,DHN,ECR,2
19607,CRP,DHN,ECR,2
19608,CRP,DHN,ECR,2
01149,DHN,DHN,ECR,1
01150,DHN,DHN,ECR,3
03379,DHN,DHN,ECR,6
03380,DHN,DHN,ECR,7
03679,DHN,DHN,ECR,2
03680,DHN,DHN,ECR,1
06563,DHN,DHN,ECR,1
06564,DHN,DHN,ECR,2
09039,DHN,DHN,ECR,1
09040,DHN,DHN,ECR,2
11045,DHN,DHN,ECR,1
11046,DHN,DHN,ECR,2
11447,DHN,DHN,ECR,6
11448,DHN,DHN,ECR,7
12321,DHN,DHN,ECR,3
12322,DHN,DHN,ECR,1
13025,DHN,DHN,ECR,6
13026,DHN,DHN,ECR,6
19413,DHN,DHN,ECR,6
19414,DHN,DHN,ECR,6
19607,DHN,DHN,ECR,6
19608,DHN,DHN,ECR,6
22911,DHN,DHN,ECR,1
22912,DHN,DHN,ECR,3
03379,DTO,DHN,ECR,1
03380,DTO,DHN,ECR,2
08611,DTO,DHN,ECR,1
08612,DTO,DHN,ECR,2
09619,DTO,DHN,ECR,3
09620,DTO,DHN,ECR,3
11447,DTO,DHN,ECR,2
11448,DTO,DHN,ECR,1
13025,DTO,DHN,ECR,1
13026,DTO,DHN,ECR,2
18009,DTO,DHN,ECR,1
18010,DTO,DHN,ECR,2
19413,DTO,DHN,ECR,2
19414,DTO,DHN,ECR,1
19607,DTO,DHN,ECR,1
19608,DTO,DHN,ECR,2
11447,DXN,DHN,ECR,1
11448,DXN,DHN,ECR,2
03379,GHD,DHN,ECR,1
03380,GHD,DHN,ECR,2
08611,GHD,DHN,ECR,1
08612,GHD,DHN,ECR,3
09619,GHD,DHN,ECR,2
09620,GHD,DHN,ECR,2
11447,GHD,DHN,ECR,3
11448,GHD,DHN,ECR,1
13025,GHD,DHN,ECR,1
13026,GHD,DHN,ECR,3
18009,GHD,DHN,ECR,1
18010,GHD,DHN,ECR,3
19413,GHD,DHN,ECR,3
19414,GHD,DHN,ECR,1
19607,GHD,DHN,ECR,1
19608,GHD,DHN,ECR,3
11447,GHQ,DHN,ECR,2
11448,GHQ,DHN,ECR,1
13025,GHQ,DHN,ECR,1
13026,GHQ,DHN,ECR,2
11447,GMIA,DHN,ECR,2
11448,GMIA,DHN,ECR,3
13025,GMIA,DHN,ECR,3
13026,GMIA,DHN,ECR,2
01149,GMO,DHN,ECR,2
01150,GMO,DHN,ECR,3
03679,GMO,DHN,ECR,3
03680,GMO,DHN,ECR,2
06563,GMO,DHN,ECR,2
06564,GMO,DHN,ECR,3
09039,GMO,DHN,ECR,2
09040,GMO,DHN,ECR,3
12321,GMO,DHN,ECR,3
12322,GMO,DHN,ECR,2
18609,GMO,DHN,ECR,3
18610,GMO,DHN,ECR,2
22911,GMO,DHN,ECR,2
22912,GMO,DHN,ECR,3
03679,HZD,DHN,ECR,2
03680,HZD,DHN,ECR,3
06563,HZD,DHN,ECR,3
06564,HZD,DHN,ECR,2
09039,HZD,DHN,ECR,3
09040,HZD,DHN,ECR,2
12321,HZD,DHN,ECR,2
12322,HZD,DHN,ECR,3
18609,HZD,DHN,ECR,2
18610,HZD,DHN,ECR,3
22911,HZD,DHN,ECR,3
22912,HZD,DHN,ECR,2
03379,KLRE,DHN,ECR,2
03380,KLRE,DHN,ECR,3
11447,KLRE,DHN,ECR,3
11448,KLRE,DHN,ECR,2
03679,KQR,DHN,ECR,4
03680,KQR,DHN,ECR,3
06563,KQR,DHN,ECR,3
06564,KQR,DHN,ECR,4
09039,KQR,DHN,ECR,3
09040,KQR,DHN,ECR,4
11045,KQR,DHN,ECR,3
11046,KQR,DHN,ECR,4
12321,KQR,DHN,ECR,4
12322,KQR,DHN,ECR,3
18609,KQR,DHN,ECR,4
18610,KQR,DHN,ECR,3
22911,KQR,DHN,ECR,3
22912,KQR,DHN,ECR,4
03379,KTH,DHN,ECR,1
03380,KTH,DHN,ECR,1
11447,KTH,DHN,ECR,1
11448,KTH,DHN,ECR,1
19413,KTH,DHN,ECR,1
19414,KTH,DHN,ECR,1
19607,KTH,DHN,ECR,1
19608,KTH,DHN,ECR,1
03379,LTHR,DHN,ECR,2
03380,LTHR,DHN,ECR,1
08611,LTHR,DHN,ECR,2
08612,LTHR,DHN,ECR,1
09619,LTHR,DHN,ECR,1
09620,LTHR,DHN,ECR,1
11447,LTHR,DHN,ECR,1
11448,LTHR,DHN,ECR,2
13025,LTHR,DHN,ECR,2
13026,LTHR,DHN,ECR,1
18009,LTHR,DHN,ECR,2
18010,LTHR,DHN,ECR,1
11447,MGME,DHN,ECR,1
11448,MGME,DHN,ECR,2
11447,NUQ,DHN,ECR,3
11448,NUQ,DHN,ECR,1
19413,NUQ,DHN,ECR,3
19414,NUQ,DHN,ECR,1
03379,OBR,DHN,ECR,1
03380,OBR,DHN,ECR,2
09619,OBR,DHN,ECR,2
09620,OBR,DHN,ECR,3
11447,OBR,DHN,ECR,2
11448,OBR,DHN,ECR,1
13025,OBR,DHN,ECR,1
13026,OBR,DHN,ECR,2
03679,PNME,DHN,ECR,3
03680,PNME,DHN,ECR,2
06563,PNME,DHN,ECR,2
06564,PNME,DHN,ECR,3
09039,PNME,DHN,ECR,2
09040,PNME,DHN,ECR,3
11045,PNME,DHN,ECR,2
11046,PNME,DHN,ECR,3
12321,PNME,DHN,ECR,3
12322,PNME,DHN,ECR,2
22911,PNME,DHN,ECR,2
22912,PNME,DHN,ECR,3
12321,PSB,DHN,ECR,2
12322,PSB,DHN,ECR,3
03379,PTRU,DHN,ECR,1
03380,PTRU,DHN,ECR,2
11447,PTRU,DHN,ECR,2
11448,PTRU,DHN,ECR,1
13025,PTRU,DHN,ECR,1
13026,PTRU,DHN,ECR,2
11447,PUS,DHN,ECR,1
11448,PUS,DHN,ECR,1
13025,PUS,DHN,ECR,1
13026,PUS,DHN,ECR,1
19413,PUS,DHN,ECR,1
19414,PUS,DHN,ECR,1
19607,PUS,DHN,ECR,1
19608,PUS,DHN,ECR,1
11447,RAY,DHN,ECR,2
11448,RAY,DHN,ECR,1
11447,RMF,DHN,ECR,2
11448,RMF,DHN,ECR,1
03379,RNQ,DHN,ECR,2
03380,RNQ,DHN,ECR,2
08611,RNQ,DHN,ECR,2
08612,RNQ,DHN,ECR,1
09619,RNQ,DHN,ECR,2
09620,RNQ,DHN,ECR,2
11447,RNQ,DHN,ECR,1
11448,RNQ,DHN,ECR,2
13025,RNQ,DHN,ECR,2
13026,RNQ,DHN,ECR,1
19607,RNQ,DHN,ECR,2
19608,RNQ,DHN,ECR,1
03379,RRME,DHN,ECR,1
03380,RRME,DHN,ECR,2
11447,RRME,DHN,ECR,2
11448,RRME,DHN,ECR,1
13025,RRME,DHN,ECR,1
13026,RRME,DHN,ECR,2
19413,RRME,DHN,ECR,2
19414,RRME,DHN,ECR,1
19607,RRME,DHN,ECR,1
19608,RRME,DHN,ECR,2
03379,SGRL,DHN,ECR,3
03380,SGRL,DHN,ECR,2
08611,SGRL,DHN,ECR,3
08612,SGRL,DHN,ECR,2
09619,SGRL,DHN,ECR,1
09620,SGRL,DHN,ECR,1
11447,SGRL,DHN,ECR,2
11448,SGRL,DHN,ECR,3
11651,SGRL,DHN,ECR,1
11652,SGRL,DHN,ECR,1
13025,SGRL,DHN,ECR,3
13026,SGRL,DHN,ECR,2
18009,SGRL,DHN,ECR,3
18010,SGRL,DHN,ECR,2
19413,SGRL,DHN,ECR,2
19414,SGRL,DHN,ECR,3
19607,SGRL,DHN,ECR,3
19608,SGRL,DHN,ECR,2
22165,SGRL,DHN,ECR,1
22166,SGRL,DHN,ECR,3
22167,SGRL,DHN,ECR,1
22168,SGRL,DHN,ECR,2
08611,TORI,DHN,ECR,5
08612,TORI,DHN,ECR,5
09619,TORI,DHN,ECR,2
09620,TORI,DHN,ECR,3
11447,TORI,DHN,ECR,3
11448,TORI,DHN,ECR,5
13025,TORI,DHN,ECR,5
13026,TORI,DHN,ECR,3
18009,TORI,DHN,ECR,5
18010,TORI,DHN,ECR,3
11447,WDM,DHN,ECR,2
11448,WDM,DHN,ECR,1
01053,ARA,DNR,ECR,1
01054,ARA,DNR,ECR,2
01143,ARA,DNR,ECR,2
01144,ARA,DNR,ECR,2
01449,ARA,DNR,ECR,1
01450,ARA,DNR,ECR,1
01665,ARA,DNR,ECR,1
01666,ARA,DNR,ECR,2
01667,ARA,DNR,ECR,1
01668,ARA,DNR,ECR,2
01701,ARA,DNR,ECR,1
01702,ARA,DNR,ECR,2
03213,ARA,DNR,ECR,2
03214,ARA,DNR,ECR,1
03241,ARA,DNR,ECR,2
03242,ARA,DNR,ECR,1
03247,ARA,DNR,ECR,2
03248,ARA,DNR,ECR,1
03251,ARA,DNR,ECR,2
03252,ARA,DNR,ECR,1
03259,ARA,DNR,ECR,2
03260,ARA,DNR,ECR,1
05253,ARA,DNR,ECR,2
05289,ARA,DNR,ECR,2
05290,ARA,DNR,ECR,1
05293,ARA,DNR,ECR,2
05294,ARA,DNR,ECR,1
05557,ARA,DNR,ECR,2
05558,ARA,DNR,ECR,1
05561,ARA,DNR,ECR,2
05562,ARA,DNR,ECR,1
06211,ARA,DNR,ECR,1
06212,ARA,DNR,ECR,2
06509,ARA,DNR,ECR,1
06510,ARA,DNR,ECR,2
07007,ARA,DNR,ECR,1
07008,ARA,DNR,ECR,2
07311,ARA,DNR,ECR,1
07312,ARA,DNR,ECR,2
07315,ARA,DNR,ECR,1
07316,ARA,DNR,ECR,2
07357,ARA,DNR,ECR,1
07358,ARA,DNR,ECR,2
09025,ARA,DNR,ECR,1
09026,ARA,DNR,ECR,2
09031,ARA,DNR,ECR,1
09032,ARA,DNR,ECR,2
09033,ARA,DNR,ECR,1
09034,ARA,DNR,ECR,2
09045,ARA,DNR,ECR,1
09046,ARA,DNR,ECR,2
09067,ARA,DNR,ECR,1
09068,ARA,DNR,ECR,2
09151,ARA,DNR,ECR,1
09343,ARA,DNR,ECR,1
09344,ARA,DNR,ECR,2
11015,ARA,DNR,ECR,1
11016,ARA,DNR,ECR,2
12141,ARA,DNR,ECR,1
12142,ARA,DNR,ECR,2
12149,ARA,DNR,ECR,1
12150,ARA,DNR,ECR,2
12295,ARA,DNR,ECR,1
12296,ARA,DNR,ECR,2
12335,ARA,DNR,ECR,2
12336,ARA,DNR,ECR,1
12577,ARA,DNR,ECR,2
12578,ARA,DNR,ECR,1
12741,ARA,DNR,ECR,1
12742,ARA,DNR,ECR,2
12791,ARA,DNR,ECR,1
12792,ARA,DNR,ECR,2
13201,ARA,DNR,ECR,2
13202,ARA,DNR,ECR,1
15647,ARA,DNR,ECR,1
15648,ARA,DNR,ECR,2
15945,ARA,DNR,ECR,1
15946,ARA,DNR,ECR,2
16601,ARA,DNR,ECR,1
16602,ARA,DNR,ECR,2
17609,ARA,DNR,ECR,2
17610,ARA,DNR,ECR,1
19421,ARA,DNR,ECR,1
19422,ARA,DNR,ECR,2
20933,ARA,DNR,ECR,1
20934,ARA,DNR,ECR,2
22311,ARA,DNR,ECR,2
22312,ARA,DNR,ECR,2
22353,ARA,DNR,ECR,2
22354,ARA,DNR,ECR,1
22563,ARA,DNR,ECR,2
22564,ARA,DNR,ECR,1
22669,ARA,DNR,ECR,1
22670,ARA,DNR,ECR,2
22947,ARA,DNR,ECR,1
22948,ARA,DNR,ECR,2
12335,BARH,DNR,ECR,3
12336,BARH,DNR,ECR,2
15647,BARH,DNR,ECR,2
15648,BARH,DNR,ECR,3
15945,BARH,DNR,ECR,2
15946,BARH,DNR,ECR,3
22311,BARH,DNR,ECR,3
22312,BARH,DNR,ECR,2
13201,BEA,DNR,ECR,2
13202,BEA,DNR,ECR,1
13201,BEHS,DNR,ECR,1
13202,BEHS,DNR,ECR,1
06211,BKP,DNR,ECR,1
06212,BKP,DNR,ECR,2
09031,BKP,DNR,ECR,1
09032,BKP,DNR,ECR,2
12335,BKP,DNR,ECR,2
12336,BKP,DNR,ECR,1
13201,BKP,DNR,ECR,3
13202,BKP,DNR,ECR,3
15647,BKP,DNR,ECR,1
15648,BKP,DNR,ECR,2
15945,BKP,DNR,ECR,1
15946,BKP,DNR,ECR,2
22311,BKP,DNR,ECR,2
22312,BKP,DNR,ECR,1
22947,BKP,DNR,ECR,1
22948,BKP,DNR,ECR,2
12335,BRYA,DNR,ECR,2
12336,BRYA,DNR,ECR,1
15647,BRYA,DNR,ECR,1
15648,BRYA,DNR,ECR,2
13201,BTA,DNR,ECR,2
13202,BTA,DNR,ECR,1
01053,BXR,DNR,ECR,1
01054,BXR,DNR,ECR,2
01143,BXR,DNR,ECR,1
01144,BXR,DNR,ECR,2
01449,BXR,DNR,ECR,1
01450,BXR,DNR,ECR,1
01665,BXR,DNR,ECR,1
01666,BXR,DNR,ECR,2
01667,BXR,DNR,ECR,1
01668,BXR,DNR,ECR,2
01701,BXR,DNR,ECR,1
01702,BXR,DNR,ECR,2
03213,BXR,DNR,ECR,2
03214,BXR,DNR,ECR,1
03241,BXR,DNR,ECR,2
03242,BXR,DNR,ECR,1
03247,BXR,DNR,ECR,2
03248,BXR,DNR,ECR,1
03251,BXR,DNR,ECR,2
03252,BXR,DNR,ECR,1
03259,BXR,DNR,ECR,2
03260,BXR,DNR,ECR,1
05253,BXR,DNR,ECR,2
05289,BXR,DNR,ECR,2
05290,BXR,DNR,ECR,1
05293,BXR,DNR,ECR,1
05294,BXR,DNR,ECR,1
05557,BXR,DNR,ECR,2
05558,BXR,DNR,ECR,1
05561,BXR,DNR,ECR,2
05562,BXR,DNR,ECR,1
06211,BXR,DNR,ECR,1
06212,BXR,DNR,ECR,2
07007,BXR,DNR,ECR,1
07008,BXR,DNR,ECR,2
07311,BXR,DNR,ECR,1
07312,BXR,DNR,ECR,2
07315,BXR,DNR,ECR,1
07316,BXR,DNR,ECR,2
07357,BXR,DNR,ECR,1
07358,BXR,DNR,ECR,2
07419,BXR,DNR,ECR,3
07420,BXR,DNR,ECR,2
09025,BXR,DNR,ECR,1
09026,BXR,DNR,ECR,2
09031,BXR,DNR,ECR,1
09032,BXR,DNR,ECR,2
09033,BXR,DNR,ECR,1
09034,BXR,DNR,ECR,2
09045,BXR,DNR,ECR,1
09046,BXR,DNR,ECR,2
09067,BXR,DNR,ECR,1
09068,BXR,DNR,ECR,2
09151,BXR,DNR,ECR,1
09343,BXR,DNR,ECR,1
09344,BXR,DNR,ECR,2
11015,BXR,DNR,ECR,1
11016,BXR,DNR,ECR,2
12141,BXR,DNR,ECR,1
12142,BXR,DNR,ECR,2
12149,BXR,DNR,ECR,1
12150,BXR,DNR,ECR,2
12295,BXR,DNR,ECR,1
12296,BXR,DNR,ECR,2
12335,BXR,DNR,ECR,2
12336,BXR,DNR,ECR,1
12361,BXR,DNR,ECR,2
12362,BXR,DNR,ECR,1
12577,BXR,DNR,ECR,2
12578,BXR,DNR,ECR,1
12741,BXR,DNR,ECR,1
12742,BXR,DNR,ECR,2
12791,BXR,DNR,ECR,1
12792,BXR,DNR,ECR,2
13201,BXR,DNR,ECR,2
13202,BXR,DNR,ECR,1
15647,BXR,DNR,ECR,1
15648,BXR,DNR,ECR,2
15945,BXR,DNR,ECR,1
15946,BXR,DNR,ECR,2
16601,BXR,DNR,ECR,1
16602,BXR,DNR,ECR,2
17609,BXR,DNR,ECR,2
17610,BXR,DNR,ECR,1
19421,BXR,DNR,ECR,1
19422,BXR,DNR,ECR,2
20933,BXR,DNR,ECR,1
20934,BXR,DNR,ECR,2
22311,BXR,DNR,ECR,2
22312,BXR,DNR,ECR,1
22353,BXR,DNR,ECR,2
22354,BXR,DNR,ECR,1
22563,BXR,DNR,ECR,2
22564,BXR,DNR,ECR,1
22669,BXR,DNR,ECR,1
22670,BXR,DNR,ECR,2
22947,BXR,DNR,ECR,1
22948,BXR,DNR,ECR,2
13201,CSA,DNR,ECR,3
13202,CSA,DNR,ECR,2
12295,DLN,DNR,ECR,2
12296,DLN,DNR,ECR,3
12335,DLN,DNR,ECR,3
12336,DLN,DNR,ECR,2
12791,DLN,DNR,ECR,2
12792,DLN,DNR,ECR,3
13201,DLN,DNR,ECR,3
13202,DLN,DNR,ECR,2
15647,DLN,DNR,ECR,2
15648,DLN,DNR,ECR,3
15945,DLN,DNR,ECR,2
15946,DLN,DNR,ECR,3
22311,DLN,DNR,ECR,3
22312,DLN,DNR,ECR,2
22947,DLN,DNR,ECR,2
22948,DLN,DNR,ECR,3
01053,DNR,DNR,ECR,5
01054,DNR,DNR,ECR,2
01143,DNR,DNR,ECR,1A
01144,DNR,DNR,ECR,1
01449,DNR,DNR,ECR,1A
01450,DNR,DNR,ECR,2
01665,DNR,DNR,ECR,1
01666,DNR,DNR,ECR,3
01667,DNR,DNR,ECR,2
01668,DNR,DNR,ECR,2
01701,DNR,DNR,ECR,2
01702,DNR,DNR,ECR,2
03213,DNR,DNR,ECR,2
03214,DNR,DNR,ECR,2
03241,DNR,DNR,ECR,5
03242,DNR,DNR,ECR,1A
03246,DNR,DNR,ECR,1
03247,DNR,DNR,ECR,5
03248,DNR,DNR,ECR,1A
03251,DNR,DNR,ECR,5
03252,DNR,DNR,ECR,1A
03259,DNR,DNR,ECR,5
03260,DNR,DNR,ECR,5
05253,DNR,DNR,ECR,1A
05289,DNR,DNR,ECR,1A
05290,DNR,DNR,ECR,1A
05293,DNR,DNR,ECR,2
05294,DNR,DNR,ECR,1
05561,DNR,DNR,ECR,1A
05562,DNR,DNR,ECR,1A
05585,DNR,DNR,ECR,1A
05586,DNR,DNR,ECR,1A
06211,DNR,DNR,ECR,1
06212,DNR,DNR,ECR,3
06509,DNR,DNR,ECR,5
06510,DNR,DNR,ECR,1A
07311,DNR,DNR,ECR,1
07312,DNR,DNR,ECR,2
07315,DNR,DNR,ECR,1A
07316,DNR,DNR,ECR,1A
07357,DNR,DNR,ECR,1A
07358,DNR,DNR,ECR,1A
09025,DNR,DNR,ECR,2
09026,DNR,DNR,ECR,2
09031,DNR,DNR,ECR,1
09032,DNR,DNR,ECR,3
09033,DNR,DNR,ECR,1A
09034,DNR,DNR,ECR,1A
09067,DNR,DNR,ECR,1
09068,DNR,DNR,ECR,1A
09151,DNR,DNR,ECR,1A
09343,DNR,DNR,ECR,1
09344,DNR,DNR,ECR,3
11015,DNR,DNR,ECR,1A
11016,DNR,DNR,ECR,1A
12141,DNR,DNR,ECR,1A
12142,DNR,DNR,ECR,3
12149,DNR,DNR,ECR,1
12149,DNR,DNR,ECR,1A
12150,DNR,DNR,ECR,1A
12295,DNR,DNR,ECR,1A
12296,DNR,DNR,ECR,4
12335,DNR,DNR,ECR,3
12336,DNR,DNR,ECR,1
12519,DNR,DNR,ECR,1
12520,DNR,DNR,ECR,3
12577,DNR,DNR,ECR,3
12578,DNR,DNR,ECR,1
12791,DNR,DNR,ECR,1
12792,DNR,DNR,ECR,1A
13201,DNR,DNR,ECR,3
13202,DNR,DNR,ECR,1
15647,DNR,DNR,ECR,1
15648,DNR,DNR,ECR,3
15945,DNR,DNR,ECR,1
15946,DNR,DNR,ECR,3
16601,DNR,DNR,ECR,1A
16602,DNR,DNR,ECR,1A
19421,DNR,DNR,ECR,2
19422,DNR,DNR,ECR,3
20933,DNR,DNR,ECR,1A
20934,DNR,DNR,ECR,1A
22311,DNR,DNR,ECR,3
22312,DNR,DNR,ECR,1
22351,DNR,DNR,ECR,1
22352,DNR,DNR,ECR,1
22947,DNR,DNR,ECR,1
22948,DNR,DNR,ECR,3
12335,DURE,DNR,ECR,2
12336,DURE,DNR,ECR,1
15647,DURE,DNR,ECR,1
15648,DURE,DNR,ECR,2
15945,DURE,DNR,ECR,1
15946,DURE,DNR,ECR,2
22311,DURE,DNR,ECR,2
22312,DURE,DNR,ECR,1
12335,FUT,DNR,ECR,3
12336,FUT,DNR,ECR,2
13201,FUT,DNR,ECR,3
13202,FUT,DNR,ECR,1
15647,FUT,DNR,ECR,2
15648,FUT,DNR,ECR,3
22311,FUT,DNR,ECR,3
22312,FUT,DNR,ECR,2
13201,GMR,DNR,ECR,2
13202,GMR,DNR,ECR,1
15647,HTZ,DNR,ECR,1
15648,HTZ,DNR,ECR,2
11427,JAJ,DNR,ECR,2
11428,JAJ,DNR,ECR,3
12361,JAJ,DNR,ECR,3
12362,JAJ,DNR,ECR,2
03417,KIUL,DNR,ECR,3
03418,KIUL,DNR,ECR,5
11427,KIUL,DNR,ECR,5
11428,KIUL,DNR,ECR,3
12335,KIUL,DNR,ECR,3
12336,KIUL,DNR,ECR,5
12361,KIUL,DNR,ECR,3
12362,KIUL,DNR,ECR,5
15647,KIUL,DNR,ECR,5
15648,KIUL,DNR,ECR,3
22311,KIUL,DNR,ECR,3
22312,KIUL,DNR,ECR,5
22947,KIUL,DNR,ECR,5
22948,KIUL,DNR,ECR,3
12335,KOO,DNR,ECR,2
12336,KOO,DNR,ECR,1
15647,KOO,DNR,ECR,1
15648,KOO,DNR,ECR,2
22311,KOO,DNR,ECR,2
22312,KOO,DNR,ECR,1
12335,LKR,DNR,ECR,3
12336,LKR,DNR,ECR,2
15647,LKR,DNR,ECR,2
15648,LKR,DNR,ECR,3
22311,LKR,DNR,ECR,3
22312,LKR,DNR,ECR,2
06211,MKA,DNR,ECR,1
06212,MKA,DNR,ECR,3
09031,MKA,DNR,ECR,1
09032,MKA,DNR,ECR,3
12335,MKA,DNR,ECR,3
12336,MKA,DNR,ECR,1
12577,MKA,DNR,ECR,3
12578,MKA,DNR,ECR,1
15647,MKA,DNR,ECR,1
15648,MKA,DNR,ECR,3
15945,MKA,DNR,ECR,1
15946,MKA,DNR,ECR,3
22311,MKA,DNR,ECR,3
22312,MKA,DNR,ECR,1
22563,MKA,DNR,ECR,3
22564,MKA,DNR,ECR,1
22947,MKA,DNR,ECR,1
22948,MKA,DNR,ECR,3
13201,NLD,DNR,ECR,1
13202,NLD,DNR,ECR,1
03417,NWD,DNR,ECR,2
03418,NWD,DNR,ECR,1
11427,NWD,DNR,ECR,2
11428,NWD,DNR,ECR,2
06211,PNBE,DNR,ECR,2
06212,PNBE,DNR,ECR,4
09031,PNBE,DNR,ECR,2
09032,PNBE,DNR,ECR,4
09045,PNBE,DNR,ECR,3
09046,PNBE,DNR,ECR,3
09343,PNBE,DNR,ECR,5
09344,PNBE,DNR,ECR,5
12335,PNBE,DNR,ECR,4
12336,PNBE,DNR,ECR,2
12361,PNBE,DNR,ECR,4
12362,PNBE,DNR,ECR,2
12545,PNBE,DNR,ECR,4
12546,PNBE,DNR,ECR,2
12577,PNBE,DNR,ECR,4
12578,PNBE,DNR,ECR,3
12741,PNBE,DNR,ECR,1
12742,PNBE,DNR,ECR,1
13201,PNBE,DNR,ECR,4
13202,PNBE,DNR,ECR,1
13202,PNBE,DNR,ECR,2
15647,PNBE,DNR,ECR,2
15648,PNBE,DNR,ECR,4
15945,PNBE,DNR,ECR,2
15946,PNBE,DNR,ECR,4
17609,PNBE,DNR,ECR,6
17610,PNBE,DNR,ECR,6
19421,PNBE,DNR,ECR,6
19422,PNBE,DNR,ECR,6
22311,PNBE,DNR,ECR,4
22312,PNBE,DNR,ECR,2
22353,PNBE,DNR,ECR,5
22354,PNBE,DNR,ECR,7
22359,PNBE,DNR,ECR,7
22360,PNBE,DNR,ECR,2
22563,PNBE,DNR,ECR,4
22564,PNBE,DNR,ECR,1
22669,PNBE,DNR,ECR,1
22670,PNBE,DNR,ECR,1
22913,PNBE,DNR,ECR,2
22914,PNBE,DNR,ECR,5
22947,PNBE,DNR,ECR,2
22948,PNBE,DNR,ECR,3
22971,PNBE,DNR,ECR,3
22972,PNBE,DNR,ECR,6
12335,PNC,DNR,ECR,2
12336,PNC,DNR,ECR,1
13201,PNC,DNR,ECR,2
13202,PNC,DNR,ECR,1
15647,PNC,DNR,ECR,1
15648,PNC,DNR,ECR,2
15945,PNC,DNR,ECR,1
15946,PNC,DNR,ECR,2
22311,PNC,DNR,ECR,2
22312,PNC,DNR,ECR,1
01665,PPTA,DNR,ECR,4
01666,PPTA,DNR,ECR,1
05253,PPTA,DNR,ECR,4
05289,PPTA,DNR,ECR,4
05290,PPTA,DNR,ECR,1
05293,PPTA,DNR,ECR,4
05294,PPTA,DNR,ECR,4
05557,PPTA,DNR,ECR,1
05558,PPTA,DNR,ECR,4
05561,PPTA,DNR,ECR,2
05562,PPTA,DNR,ECR,3
05585,PPTA,DNR,ECR,3
05586,PPTA,DNR,ECR,3
07007,PPTA,DNR,ECR,3
07008,PPTA,DNR,ECR,1
07311,PPTA,DNR,ECR,2
07312,PPTA,DNR,ECR,3
07315,PPTA,DNR,ECR,4
07316,PPTA,DNR,ECR,3
07357,PPTA,DNR,ECR,4
07358,PPTA,DNR,ECR,1
09033,PPTA,DNR,ECR,3
09034,PPTA,DNR,ECR,4
09067,PPTA,DNR,ECR,4
09068,PPTA,DNR,ECR,3
09151,PPTA,DNR,ECR,4
11015,PPTA,DNR,ECR,4
11016,PPTA,DNR,ECR,1
12141,PPTA,DNR,ECR,1
12142,PPTA,DNR,ECR,1
12149,PPTA,DNR,ECR,4
12150,PPTA,DNR,ECR,1
12519,PPTA,DNR,ECR,4
12520,PPTA,DNR,ECR,2
16601,PPTA,DNR,ECR,4
16602,PPTA,DNR,ECR,1
22351,PPTA,DNR,ECR,1
22352,PPTA,DNR,ECR,3
22352,PPTA,DNR,ECR,4
22553,PPTA,DNR,ECR,1
22554,PPTA,DNR,ECR,4
13201,RGD,DNR,ECR,1
13202,RGD,DNR,ECR,1
13201,RPR,DNR,ECR,2
13202,RPR,DNR,ECR,3
16601,RPR,DNR,ECR,3
16602,RPR,DNR,ECR,2
22359,RPR,DNR,ECR,2
22360,RPR,DNR,ECR,3
03417,SHK,DNR,ECR,2
03418,SHK,DNR,ECR,1
03417,TIA,DNR,ECR,2
03418,TIA,DNR,ECR,1
12141,ZNA,DNR,ECR,1
12142,ZNA,DNR,ECR,2
13201,ZNA,DNR,ECR,2
13202,ZNA,DNR,ECR,1
01665,BGS,SEE,ECR,1
01666,BGS,SEE,ECR,1
12149,BGS,SEE,ECR,2
12150,BGS,SEE,ECR,1
12519,BGS,SEE,ECR,2
12520,BGS,SEE,ECR,1
15945,BGS,SEE,ECR,2
15946,BGS,SEE,ECR,1
16601,BGS,SEE,ECR,2
16602,BGS,SEE,ECR,1
22351,BGS,SEE,ECR,1
22352,BGS,SEE,ECR,2
22913,BGS,SEE,ECR,2
22914,BGS,SEE,ECR,1
01665,BJU,SEE,ECR,2
01666,BJU,SEE,ECR,4
12149,BJU,SEE,ECR,4
12150,BJU,SEE,ECR,6
12519,BJU,SEE,ECR,2
12520,BJU,SEE,ECR,7
12545,BJU,SEE,ECR,9
12546,BJU,SEE,ECR,8
12577,BJU,SEE,ECR,4
12578,BJU,SEE,ECR,8
16601,BJU,SEE,ECR,2
16602,BJU,SEE,ECR,4
22351,BJU,SEE,ECR,4
22352,BJU,SEE,ECR,4
22563,BJU,SEE,ECR,8
22564,BJU,SEE,ECR,8
11061,BNR,SEE,ECR,1
11062,BNR,SEE,ECR,2
11061,DGA,SEE,ECR,2
11062,DGA,SEE,ECR,1
15267,DGA,SEE,ECR,1
15268,DGA,SEE,ECR,2
01665,HJP,SEE,ECR,2
01665,HJP,SEE,ECR,3
01666,HJP,SEE,ECR,1
05289,HJP,SEE,ECR,3
05290,HJP,SEE,ECR,3
05290,HJP,SEE,ECR,4
05293,HJP,SEE,ECR,2
05294,HJP,SEE,ECR,4
05557,HJP,SEE,ECR,3
05558,HJP,SEE,ECR,4
05561,HJP,SEE,ECR,2
05562,HJP,SEE,ECR,4
05585,HJP,SEE,ECR,3
05586,HJP,SEE,ECR,5
07007,HJP,SEE,ECR,5
07008,HJP,SEE,ECR,3
07357,HJP,SEE,ECR,4
07358,HJP,SEE,ECR,3
11015,HJP,SEE,ECR,4
11015,HJP,SEE,ECR,5
11016,HJP,SEE,ECR,2
11016,HJP,SEE,ECR,5
11033,HJP,SEE,ECR,4
11034,HJP,SEE,ECR,3
11061,HJP,SEE,ECR,4
11062,HJP,SEE,ECR,3
12149,HJP,SEE,ECR,2
12150,HJP,SEE,ECR,1
12519,HJP,SEE,ECR,2
12520,HJP,SEE,ECR,2
15267,HJP,SEE,ECR,3
15268,HJP,SEE,ECR,4
15559,HJP,SEE,ECR,3
15560,HJP,SEE,ECR,4
16601,HJP,SEE,ECR,2
16602,HJP,SEE,ECR,1
19051,HJP,SEE,ECR,4
19052,HJP,SEE,ECR,3
22351,HJP,SEE,ECR,1
22352,HJP,SEE,ECR,2
22553,HJP,SEE,ECR,3
22554,HJP,SEE,ECR,4
01665,KGG,SEE,ECR,2
01666,KGG,SEE,ECR,1
05585,KGG,SEE,ECR,1
05586,KGG,SEE,ECR,3
11015,KGG,SEE,ECR,2
11016,KGG,SEE,ECR,1
12149,KGG,SEE,ECR,2
12150,KGG,SEE,ECR,1
12519,KGG,SEE,ECR,2
12520,KGG,SEE,ECR,1
15945,KGG,SEE,ECR,2
15946,KGG,SEE,ECR,1
16601,KGG,SEE,ECR,2
16602,KGG,SEE,ECR,1
22351,KGG,SEE,ECR,1
22352,KGG,SEE,ECR,2
22913,KGG,SEE,ECR,2
22914,KGG,SEE,ECR,1
07007,MFP,SEE,ECR,3
07008,MFP,SEE,ECR,7
11016,MFP,SEE,ECR,2
05585,MNE,SEE,ECR,3
05586,MNE,SEE,ECR,3
12149,MNE,SEE,ECR,2
12150,MNE,SEE,ECR,3
15945,MNE,SEE,ECR,2
15946,MNE,SEE,ECR,1
16601,MNE,SEE,ECR,2
16602,MNE,SEE,ECR,1
22351,MNE,SEE,ECR,3
22352,MNE,SEE,ECR,2
15945,NBJU,SEE,ECR,2
15946,NBJU,SEE,ECR,1
22913,NBJU,SEE,ECR,2
22914,NBJU,SEE,ECR,2
01665,NNA,SEE,ECR,1
01666,NNA,SEE,ECR,1
12519,NNA,SEE,ECR,1
12520,NNA,SEE,ECR,2
15945,NNA,SEE,ECR,1
15946,NNA,SEE,ECR,3
16601,NNA,SEE,ECR,1
16602,NNA,SEE,ECR,3
00901,SEE,SEE,ECR,2
05289,SEE,SEE,ECR,4
05290,SEE,SEE,ECR,4
07357,SEE,SEE,ECR,4
07358,SEE,SEE,ECR,4
11015,SEE,SEE,ECR,1
11015,SEE,SEE,ECR,4
11016,SEE,SEE,ECR,1
11016,SEE,SEE,ECR,4
11033,SEE,SEE,ECR,3
11034,SEE,SEE,ECR,4
11061,SEE,SEE,ECR,3
11062,SEE,SEE,ECR,4
12149,SEE,SEE,ECR,5
12150,SEE,SEE,ECR,4
15267,SEE,SEE,ECR,4
15268,SEE,SEE,ECR,3
15559,SEE,SEE,ECR,4
15560,SEE,SEE,ECR,3
16601,SEE,SEE,ECR,5
16602,SEE,SEE,ECR,5
19051,SEE,SEE,ECR,3
19052,SEE,SEE,ECR,4
22351,SEE,SEE,ECR,4
22352,SEE,SEE,ECR,5
12149,SPP,SEE,ECR,2
12150,SPP,SEE,ECR,1
16601,SPP,SEE,ECR,3
16602,SPP,SEE,ECR,1
22351,SPP,SEE,ECR,1
22352,SPP,SEE,ECR,2
15945,THB,SEE,ECR,2
15946,THB,SEE,ECR,1
05557,BGU,SPJ,ECR,1
05558,BGU,SPJ,ECR,1
07007,BGU,SPJ,ECR,1
07008,BGU,SPJ,ECR,2
12545,BGU,SPJ,ECR,1
12546,BGU,SPJ,ECR,1
22553,BGU,SPJ,ECR,1
22554,BGU,SPJ,ECR,1
15267,BMKI,SPJ,ECR,1
15268,BMKI,SPJ,ECR,2
15267,CAA,SPJ,ECR,1
15268,CAA,SPJ,ECR,1
11033,DBG,SPJ,ECR,3
11034,DBG,SPJ,ECR,3
11061,DBG,SPJ,ECR,1
11062,DBG,SPJ,ECR,1
11062,DBG,SPJ,ECR,5
12545,DBG,SPJ,ECR,3
12545,DBG,SPJ,ECR,5
12546,DBG,SPJ,ECR,1
12546,DBG,SPJ,ECR,3
12577,DBG,SPJ,ECR,2
12577,DBG,SPJ,ECR,3
12578,DBG,SPJ,ECR,3
15559,DBG,SPJ,ECR,1
15559,DBG,SPJ,ECR,3
15560,DBG,SPJ,ECR,3
15560,DBG,SPJ,ECR,4
22563,DBG,SPJ,ECR,1
22563,DBG,SPJ,ECR,5
22564,DBG,SPJ,ECR,1
22564,DBG,SPJ,ECR,4
11061,DOL,SPJ,ECR,2
11062,DOL,SPJ,ECR,2
12149,GEB,SPJ,ECR,1
12150,GEB,SPJ,ECR,1
11015,HPO,SPJ,ECR,2
11016,HPO,SPJ,ECR,2
12545,JNR,SPJ,ECR,1
12546,JNR,SPJ,ECR,1
11061,JYG,SPJ,ECR,3
11062,JYG,SPJ,ECR,2
11062,JYG,SPJ,ECR,3
22563,JYG,SPJ,ECR,3
22564,JYG,SPJ,ECR,1
12545,KML,SPJ,ECR,1
12546,KML,SPJ,ECR,1
11033,LSI,SPJ,ECR,1
11034,LSI,SPJ,ECR,2
11061,LSI,SPJ,ECR,1
11062,LSI,SPJ,ECR,2
15267,MAI,SPJ,ECR,1
15268,MAI,SPJ,ECR,2
11061,MBI,SPJ,ECR,2
11062,MBI,SPJ,ECR,2
00901,MFP,SPJ,ECR,7
00902,MFP,SPJ,ECR,6
05289,MFP,SPJ,ECR,4
05290,MFP,SPJ,ECR,4
05293,MFP,SPJ,ECR,3
05294,MFP,SPJ,ECR,4
05557,MFP,SPJ,ECR,5
05558,MFP,SPJ,ECR,4
05561,MFP,SPJ,ECR,4
05562,MFP,SPJ,ECR,4
05585,MFP,SPJ,ECR,2
05586,MFP,SPJ,ECR,1
07007,MFP,SPJ,ECR,4
07008,MFP,SPJ,ECR,4
07357,MFP,SPJ,ECR,4
07358,MFP,SPJ,ECR,4
11015,MFP,SPJ,ECR,1
11015,MFP,SPJ,ECR,2
11016,MFP,SPJ,ECR,2
11033,MFP,SPJ,ECR,1
11034,MFP,SPJ,ECR,2
11061,MFP,SPJ,ECR,1
11062,MFP,SPJ,ECR,2
15267,MFP,SPJ,ECR,3
15268,MFP,SPJ,ECR,4
15559,MFP,SPJ,ECR,2
15560,MFP,SPJ,ECR,1
19051,MFP,SPJ,ECR,4
19052,MFP,SPJ,ECR,4
22553,MFP,SPJ,ECR,4
22553,MFP,SPJ,ECR,5
22554,MFP,SPJ,ECR,3
00901,NRPA,SPJ,ECR,3
00902,NRPA,SPJ,ECR,2
11015,ROA,SPJ,ECR,1
11016,ROA,SPJ,ECR,1
05557,RXL,SPJ,ECR,2
05558,RXL,SPJ,ECR,2
05561,RXL,SPJ,ECR,1
05562,RXL,SPJ,ECR,3
07007,RXL,SPJ,ECR,2
07008,RXL,SPJ,ECR,2
07357,RXL,SPJ,ECR,3
07358,RXL,SPJ,ECR,3
12545,RXL,SPJ,ECR,1
12546,RXL,SPJ,ECR,3
15267,RXL,SPJ,ECR,1
15268,RXL,SPJ,ECR,3
22553,RXL,SPJ,ECR,2
22554,RXL,SPJ,ECR,2
12149,SBV,SPJ,ECR,1
12150,SBV,SPJ,ECR,1
22351,SBV,SPJ,ECR,1
22352,SBV,SPJ,ECR,1
15267,SGL,SPJ,ECR,2
15268,SGL,SPJ,ECR,1
05585,SHC,SPJ,ECR,1
05586,SHC,SPJ,ECR,1
11015,SHC,SPJ,ECR,2
11015,SHC,SPJ,ECR,4
11016,SHC,SPJ,ECR,2
12149,SHC,SPJ,ECR,2
12150,SHC,SPJ,ECR,2
22351,SHC,SPJ,ECR,1
22352,SHC,SPJ,ECR,1
22913,SHC,SPJ,ECR,2
22914,SHC,SPJ,ECR,2
11061,SKI,SPJ,ECR,1
11062,SKI,SPJ,ECR,1
11015,SLNA,SPJ,ECR,2
11016,SLNA,SPJ,ECR,2
05557,SMI,SPJ,ECR,1
05558,SMI,SPJ,ECR,1
05561,SMI,SPJ,ECR,1
05562,SMI,SPJ,ECR,1
07007,SMI,SPJ,ECR,1
07008,SMI,SPJ,ECR,1
07008,SMI,SPJ,ECR,2
07357,SMI,SPJ,ECR,3
07358,SMI,SPJ,ECR,2
12545,SMI,SPJ,ECR,1
12545,SMI,SPJ,ECR,2
12546,SMI,SPJ,ECR,1
22553,SMI,SPJ,ECR,1
22553,SMI,SPJ,ECR,3
22554,SMI,SPJ,ECR,1
12149,SOU,SPJ,ECR,1
12150,SOU,SPJ,ECR,1
05585,SPJ,SPJ,ECR,2
05586,SPJ,SPJ,ECR,2
11015,SPJ,SPJ,ECR,2
11016,SPJ,SPJ,ECR,2
11016,SPJ,SPJ,ECR,3
11033,SPJ,SPJ,ECR,1
11033,SPJ,SPJ,ECR,5
11034,SPJ,SPJ,ECR,3
11034,SPJ,SPJ,ECR,5
11061,SPJ,SPJ,ECR,1
11061,SPJ,SPJ,ECR,5
11062,SPJ,SPJ,ECR,1
12545,SPJ,SPJ,ECR,3
12545,SPJ,SPJ,ECR,5
12546,SPJ,SPJ,ECR,5
12577,SPJ,SPJ,ECR,3
12578,SPJ,SPJ,ECR,5
15559,SPJ,SPJ,ECR,3
15559,SPJ,SPJ,ECR,5
15560,SPJ,SPJ,ECR,4
15560,SPJ,SPJ,ECR,5
22563,SPJ,SPJ,ECR,3
22564,SPJ,SPJ,ECR,5
11447,ASN,ASN,ER,5
11448,ASN,ASN,ER,4
12321,ASN,ASN,ER,4
12322,ASN,ASN,ER,5
12361,ASN,ASN,ER,4
12362,ASN,ASN,ER,5
13025,ASN,ASN,ER,4
13026,ASN,ASN,ER,5
19413,ASN,ASN,ER,5
19414,ASN,ASN,ER,4
19607,ASN,ASN,ER,4
19608,ASN,ASN,ER,5
22911,ASN,ASN,ER,5
22912,ASN,ASN,ER,4
11447,BRR,ASN,ER,1
11448,BRR,ASN,ER,2
12321,BRR,ASN,ER,2
12322,BRR,ASN,ER,1
12361,CRJ,ASN,ER,3
12362,CRJ,ASN,ER,3
11447,DGR,ASN,ER,4
11448,DGR,ASN,ER,3
12321,DGR,ASN,ER,3
12322,DGR,ASN,ER,4
13025,DGR,ASN,ER,3
13026,DGR,ASN,ER,4
19413,DGR,ASN,ER,4
19414,DGR,ASN,ER,3
19607,DGR,ASN,ER,3
19608,DGR,ASN,ER,4
22911,DGR,ASN,ER,4
22912,DGR,ASN,ER,3
11427,JSME,ASN,ER,1
11428,JSME,ASN,ER,1
12361,JSME,ASN,ER,2
12362,JSME,ASN,ER,2
11447,KMME,ASN,ER,2
11448,KMME,ASN,ER,1
12361,MDP,ASN,ER,2
12362,MDP,ASN,ER,3
12321,PAN,ASN,ER,2
12322,PAN,ASN,ER,3
11447,RNG,ASN,ER,2
11448,RNG,ASN,ER,3
12321,RNG,ASN,ER,2
12322,RNG,ASN,ER,3
19607,RNG,ASN,ER,1
19608,RNG,ASN,ER,3
11447,ULT,ASN,ER,1
11448,ULT,ASN,ER,2
19607,BDC,HWH,ER,2
19608,BDC,HWH,ER,3
11447,BWN,HWH,ER,3
11448,BWN,HWH,ER,2
12321,BWN,HWH,ER,2
12322,BWN,HWH,ER,3
13025,BWN,HWH,ER,5
13026,BWN,HWH,ER,6
19607,BWN,HWH,ER,2
19608,BWN,HWH,ER,3
22911,BWN,HWH,ER,3
22912,BWN,HWH,ER,2
11447,HWH,HWH,ER,14
11448,HWH,HWH,ER,9
12321,HWH,HWH,ER,15
12322,HWH,HWH,ER,14
13025,HWH,HWH,ER,8
13026,HWH,HWH,ER,14
22911,HWH,HWH,ER,14
22912,HWH,HWH,ER,8
03417,AHA,MLDT,ER,2
12335,AHA,MLDT,ER,2
12336,AHA,MLDT,ER,1
15647,AHA,MLDT,ER,1
15648,AHA,MLDT,ER,2
22311,AHA,MLDT,ER,2
22312,AHA,MLDT,ER,1
22947,AHA,MLDT,ER,1
22948,AHA,MLDT,ER,2
03417,BGP,MLDT,ER,1
12335,BGP,MLDT,ER,1
12336,BGP,MLDT,ER,4
15647,BGP,MLDT,ER,1
15648,BGP,MLDT,ER,4
22311,BGP,MLDT,ER,4
22312,BGP,MLDT,ER,4
22947,BGP,MLDT,ER,1
22948,BGP,MLDT,ER,1
22311,BHLE,MLDT,ER,1
22312,BHLE,MLDT,ER,1
03417,BHW,MLDT,ER,1
15647,BHW,MLDT,ER,2
15648,BHW,MLDT,ER,1
12335,BUP,MLDT,ER,1
12336,BUP,MLDT,ER,3
15647,BUP,MLDT,ER,2
15648,BUP,MLDT,ER,1
22311,BUP,MLDT,ER,1
22312,BUP,MLDT,ER,2
22947,BUP,MLDT,ER,2
22948,BUP,MLDT,ER,1
03417,CLG,MLDT,ER,1
15647,CLG,MLDT,ER,1
15648,CLG,MLDT,ER,2
22311,GODA,MLDT,ER,1
22312,GODA,MLDT,ER,1
22311,HSDA,MLDT,ER,1
22312,HSDA,MLDT,ER,1
03417,JMP,MLDT,ER,3
12335,JMP,MLDT,ER,1A
12336,JMP,MLDT,ER,1A
15647,JMP,MLDT,ER,1
15648,JMP,MLDT,ER,2
22311,JMP,MLDT,ER,2
22312,JMP,MLDT,ER,1
22947,JMP,MLDT,ER,1
22948,JMP,MLDT,ER,2
12335,KJH,MLDT,ER,3
12336,KJH,MLDT,ER,2
22311,KJH,MLDT,ER,1
22312,KJH,MLDT,ER,2
22947,KJH,MLDT,ER,2
22948,KJH,MLDT,ER,1
22311,MDLE,MLDT,ER,1
22312,MDLE,MLDT,ER,1
15647,MLDT,MLDT,ER,4
15648,MLDT,MLDT,ER,3
15647,NFK,MLDT,ER,3
15648,NFK,MLDT,ER,2
22311,PYHT,MLDT,ER,1
22312,PYHT,MLDT,ER,1
03417,SBG,MLDT,ER,1
15647,SBG,MLDT,ER,1
15648,SBG,MLDT,ER,2
03417,SGG,MLDT,ER,2
03418,SGG,MLDT,ER,1
12335,SGG,MLDT,ER,2
12336,SGG,MLDT,ER,1
15647,SGG,MLDT,ER,1
15648,SGG,MLDT,ER,2
22311,SGG,MLDT,ER,2
22312,SGG,MLDT,ER,1
22947,SGG,MLDT,ER,1
22948,SGG,MLDT,ER,2
19413,KOAA,SDAH,ER,3
19414,KOAA,SDAH,ER,1
19607,KOAA,SDAH,ER,1
19608,KOAA,SDAH,ER,1
19607,NH,SDAH,ER,3
19608,NH,SDAH,ER,2
07311,CHI,KR,KR,1
07312,CHI,KR,KR,2
12741,CHI,KR,KR,1
12742,CHI,KR,KR,2
07311,MAO,KR,KR,2A
07312,MAO,KR,KR,2A
12741,MAO,KR,KR,2
12742,MAO,KR,KR,2
07311,RN,KR,KR,2
07312,RN,KR,KR,1
12741,RN,KR,KR,2
12742,RN,KR,KR,1
07311,SWV,KR,KR,2
07312,SWV,KR,KR,1
12741,SWV,KR,KR,1
12742,SWV,KR,KR,2
12741,THVM,KR,KR,1
12742,THVM,KR,KR,2
12189,AGC,AGRA,NCR,3
12190,AGC,AGRA,NCR,1
18477,AGC,AGRA,NCR,5
18478,AGC,AGRA,NCR,1
20807,AGC,AGRA,NCR,3
20808,AGC,AGRA,NCR,1
22167,AGC,AGRA,NCR,5
22168,AGC,AGRA,NCR,1
12189,DHO,AGRA,NCR,3
12190,DHO,AGRA,NCR,4
18477,DHO,AGRA,NCR,3
18478,DHO,AGRA,NCR,4
12189,KSV,AGRA,NCR,3
12190,KSV,AGRA,NCR,4
18477,KSV,AGRA,NCR,3
18478,KSV,AGRA,NCR,5
12189,MTJ,AGRA,NCR,2
12190,MTJ,AGRA,NCR,1
18477,MTJ,AGRA,NCR,3
18478,MTJ,AGRA,NCR,1
20807,MTJ,AGRA,NCR,2
20808,MTJ,AGRA,NCR,1
22167,MTJ,AGRA,NCR,3
22168,MTJ,AGRA,NCR,1
12189,RKM,AGRA,NCR,1
12190,RKM,AGRA,NCR,2
18477,RKM,AGRA,NCR,1
18478,RKM,AGRA,NCR,2
12189,ATE,JHS,NCR,2
12190,ATE,JHS,NCR,1
15205,ATE,JHS,NCR,1
15206,ATE,JHS,NCR,2
12189,BNDA,JHS,NCR,1
12190,BNDA,JHS,NCR,1
15205,BNDA,JHS,NCR,2
15206,BNDA,JHS,NCR,2
15205,BSZ,JHS,NCR,1
15206,BSZ,JHS,NCR,1
12189,BTX,JHS,NCR,1
12190,BTX,JHS,NCR,1
12189,CKTD,JHS,NCR,2
12190,CKTD,JHS,NCR,1
15205,CKTD,JHS,NCR,1
15206,CKTD,JHS,NCR,2
12189,DAA,JHS,NCR,1
12190,DAA,JHS,NCR,2
18477,DAA,JHS,NCR,1
18478,DAA,JHS,NCR,2
20807,DAA,JHS,NCR,1
20808,DAA,JHS,NCR,2
12189,DBA,JHS,NCR,3
12190,DBA,JHS,NCR,2
18477,DBA,JHS,NCR,3
18478,DBA,JHS,NCR,2
15205,GTM,JHS,NCR,1
15206,GTM,JHS,NCR,1
12189,GWL,JHS,NCR,2
12190,GWL,JHS,NCR,1
18477,GWL,JHS,NCR,2
18478,GWL,JHS,NCR,1
20807,GWL,JHS,NCR,2
20808,GWL,JHS,NCR,1
22167,GWL,JHS,NCR,4
22168,GWL,JHS,NCR,1
15205,HAR,JHS,NCR,1
15206,HAR,JHS,NCR,1
12189,HPP,JHS,NCR,1
12190,HPP,JHS,NCR,1
15205,KHU,JHS,NCR,1
15206,KHU,JHS,NCR,1
18477,LAR,JHS,NCR,3
18478,LAR,JHS,NCR,2
20807,LAR,JHS,NCR,3
20808,LAR,JHS,NCR,2
12189,MBA,JHS,NCR,1
12190,MBA,JHS,NCR,1
12189,MRA,JHS,NCR,2
12190,MRA,JHS,NCR,1
18477,MRA,JHS,NCR,2
18478,MRA,JHS,NCR,1
12189,MRPR,JHS,NCR,2
12190,MRPR,JHS,NCR,2
12189,NEW,JHS,NCR,2
12190,NEW,JHS,NCR,2
15205,RGU,JHS,NCR,1
15206,RGU,JHS,NCR,1
12189,VGLJ,JHS,NCR,5
12190,VGLJ,JHS,NCR,2
18477,VGLJ,JHS,NCR,5
18478,VGLJ,JHS,NCR,2
20807,VGLJ,JHS,NCR,4
20808,VGLJ,JHS,NCR,3
22167,VGLJ,JHS,NCR,5
22168,VGLJ,JHS,NCR,3
01707,ALJN,PRYJ,NCR,4
01708,ALJN,PRYJ,NCR,3
12141,BDL,PRYJ,NCR,2
12142,BDL,PRYJ,NCR,3
12167,BDL,PRYJ,NCR,2
12168,BDL,PRYJ,NCR,3
12295,BDL,PRYJ,NCR,2
12296,BDL,PRYJ,NCR,3
12321,BDL,PRYJ,NCR,3
12322,BDL,PRYJ,NCR,2
12335,BDL,PRYJ,NCR,3
12336,BDL,PRYJ,NCR,2
13201,BDL,PRYJ,NCR,3
13202,BDL,PRYJ,NCR,1
15647,BDL,PRYJ,NCR,2
15945,BDL,PRYJ,NCR,2
15946,BDL,PRYJ,NCR,3
16601,BDL,PRYJ,NCR,3
16602,BDL,PRYJ,NCR,3
19045,BDL,PRYJ,NCR,2
19046,BDL,PRYJ,NCR,3
22177,BDL,PRYJ,NCR,1
22178,BDL,PRYJ,NCR,3
22911,BDL,PRYJ,NCR,2
22912,BDL,PRYJ,NCR,3
22947,BDL,PRYJ,NCR,2
22948,BDL,PRYJ,NCR,3
04151,BRE,PRYJ,NCR,2
04152,BRE,PRYJ,NCR,1
11273,BRG,PRYJ,NCR,2
11274,BRG,PRYJ,NCR,1
12321,CAR,PRYJ,NCR,3
12322,CAR,PRYJ,NCR,2
13201,CAR,PRYJ,NCR,3
13202,CAR,PRYJ,NCR,2
16601,CAR,PRYJ,NCR,2
16602,CAR,PRYJ,NCR,3
19045,CAR,PRYJ,NCR,2
19046,CAR,PRYJ,NCR,3
22177,CAR,PRYJ,NCR,2
22178,CAR,PRYJ,NCR,3
22911,CAR,PRYJ,NCR,2
22912,CAR,PRYJ,NCR,3
22947,CAR,PRYJ,NCR,2
22948,CAR,PRYJ,NCR,3
04131,CNB,PRYJ,NCR,5
04132,CNB,PRYJ,NCR,3
04151,CNB,PRYJ,NCR,4
04152,CNB,PRYJ,NCR,2
15205,CNB,PRYJ,NCR,2
15206,CNB,PRYJ,NCR,6
04151,DBR,PRYJ,NCR,1
04152,DBR,PRYJ,NCR,2
11071,DBR,PRYJ,NCR,2
11072,DBR,PRYJ,NCR,1
11273,DBR,PRYJ,NCR,2
11274,DBR,PRYJ,NCR,1
13201,DBR,PRYJ,NCR,1
13202,DBR,PRYJ,NCR,2
15017,DBR,PRYJ,NCR,2
15018,DBR,PRYJ,NCR,1
16601,DBR,PRYJ,NCR,2
16602,DBR,PRYJ,NCR,1
22911,DBR,PRYJ,NCR,2
22912,DBR,PRYJ,NCR,1
01707,ETW,PRYJ,NCR,2
01708,ETW,PRYJ,NCR,3
01707,FTP,PRYJ,NCR,3
01708,FTP,PRYJ,NCR,2
04115,FTP,PRYJ,NCR,3
04116,FTP,PRYJ,NCR,2
04151,FTP,PRYJ,NCR,2
04152,FTP,PRYJ,NCR,2
01707,GOY,PRYJ,NCR,1
01708,GOY,PRYJ,NCR,2
04115,GOY,PRYJ,NCR,1
04116,GOY,PRYJ,NCR,2
11273,IDGJ,PRYJ,NCR,1
11274,IDGJ,PRYJ,NCR,2
11273,JSR,PRYJ,NCR,2
11274,JSR,PRYJ,NCR,1
16601,JSR,PRYJ,NCR,2
16602,JSR,PRYJ,NCR,2
11273,KTDD,PRYJ,NCR,1
11274,KTDD,PRYJ,NCR,2
13201,KYT,PRYJ,NCR,2
11273,LOG,PRYJ,NCR,1
11274,LOG,PRYJ,NCR,2
11273,MFX,PRYJ,NCR,1
11274,MFX,PRYJ,NCR,2
13201,MJA,PRYJ,NCR,3
11273,MJHR,PRYJ,NCR,1
11274,MJHR,PRYJ,NCR,2
01053,MKP,PRYJ,NCR,2
01143,MKP,PRYJ,NCR,2
01144,MKP,PRYJ,NCR,1
01665,MKP,PRYJ,NCR,3
01666,MKP,PRYJ,NCR,1
01667,MKP,PRYJ,NCR,2
01668,MKP,PRYJ,NCR,1
01701,MKP,PRYJ,NCR,2
01702,MKP,PRYJ,NCR,1
01707,MKP,PRYJ,NCR,2
01708,MKP,PRYJ,NCR,1
03417,MKP,PRYJ,NCR,5
03418,MKP,PRYJ,NCR,2
05116,MKP,PRYJ,NCR,2
05289,MKP,PRYJ,NCR,1
05290,MKP,PRYJ,NCR,2
05313,MKP,PRYJ,NCR,2
05314,MKP,PRYJ,NCR,1
06211,MKP,PRYJ,NCR,2
06212,MKP,PRYJ,NCR,1
07311,MKP,PRYJ,NCR,2
07312,MKP,PRYJ,NCR,1
07328,MKP,PRYJ,NCR,1
07651,MKP,PRYJ,NCR,2
07652,MKP,PRYJ,NCR,1
09025,MKP,PRYJ,NCR,2
09026,MKP,PRYJ,NCR,1
09031,MKP,PRYJ,NCR,2
09032,MKP,PRYJ,NCR,1
09033,MKP,PRYJ,NCR,2
09034,MKP,PRYJ,NCR,1
09039,MKP,PRYJ,NCR,2
09040,MKP,PRYJ,NCR,1
09045,MKP,PRYJ,NCR,2
09046,MKP,PRYJ,NCR,1
09067,MKP,PRYJ,NCR,2
09068,MKP,PRYJ,NCR,1
09069,MKP,PRYJ,NCR,2
09070,MKP,PRYJ,NCR,1
09343,MKP,PRYJ,NCR,2
09344,MKP,PRYJ,NCR,1
11015,MKP,PRYJ,NCR,2
11016,MKP,PRYJ,NCR,1
11037,MKP,PRYJ,NCR,2
11038,MKP,PRYJ,NCR,1
11061,MKP,PRYJ,NCR,2
11062,MKP,PRYJ,NCR,1
11071,MKP,PRYJ,NCR,2
11072,MKP,PRYJ,NCR,1
11081,MKP,PRYJ,NCR,2
11082,MKP,PRYJ,NCR,1
11273,MKP,PRYJ,NCR,2
11274,MKP,PRYJ,NCR,1
12167,MKP,PRYJ,NCR,2
12168,MKP,PRYJ,NCR,1
12321,MKP,PRYJ,NCR,1
12322,MKP,PRYJ,NCR,2
12389,MKP,PRYJ,NCR,1
12390,MKP,PRYJ,NCR,2
12539,MKP,PRYJ,NCR,2
12540,MKP,PRYJ,NCR,1
13201,MKP,PRYJ,NCR,1
13202,MKP,PRYJ,NCR,2
15017,MKP,PRYJ,NCR,2
15018,MKP,PRYJ,NCR,1
15181,MKP,PRYJ,NCR,1
15182,MKP,PRYJ,NCR,2
16367,MKP,PRYJ,NCR,2
16368,MKP,PRYJ,NCR,3
16601,MKP,PRYJ,NCR,2
16602,MKP,PRYJ,NCR,1
17323,MKP,PRYJ,NCR,2
17324,MKP,PRYJ,NCR,1
19045,MKP,PRYJ,NCR,2
19046,MKP,PRYJ,NCR,1
19421,MKP,PRYJ,NCR,2
19422,MKP,PRYJ,NCR,1
20929,MKP,PRYJ,NCR,2
20930,MKP,PRYJ,NCR,1
20933,MKP,PRYJ,NCR,2
20934,MKP,PRYJ,NCR,1
22103,MKP,PRYJ,NCR,2
22104,MKP,PRYJ,NCR,1
22177,MKP,PRYJ,NCR,2
22178,MKP,PRYJ,NCR,1
22183,MKP,PRYJ,NCR,2
22184,MKP,PRYJ,NCR,1
22683,MKP,PRYJ,NCR,2
22684,MKP,PRYJ,NCR,1
22911,MKP,PRYJ,NCR,2
22912,MKP,PRYJ,NCR,1
22947,MKP,PRYJ,NCR,2
22948,MKP,PRYJ,NCR,1
22967,MKP,PRYJ,NCR,2
22968,MKP,PRYJ,NCR,1
13201,MNF,PRYJ,NCR,3
13202,MNF,PRYJ,NCR,2
01665,MZP,PRYJ,NCR,2
01666,MZP,PRYJ,NCR,3
01667,MZP,PRYJ,NCR,2
01668,MZP,PRYJ,NCR,3
01701,MZP,PRYJ,NCR,2
01702,MZP,PRYJ,NCR,3
03213,MZP,PRYJ,NCR,3
03214,MZP,PRYJ,NCR,2
03679,MZP,PRYJ,NCR,3
03680,MZP,PRYJ,NCR,2
05116,MZP,PRYJ,NCR,2
05313,MZP,PRYJ,NCR,2
05314,MZP,PRYJ,NCR,3
05557,MZP,PRYJ,NCR,3
05558,MZP,PRYJ,NCR,2
06211,MZP,PRYJ,NCR,2
06212,MZP,PRYJ,NCR,3
06563,MZP,PRYJ,NCR,2
06564,MZP,PRYJ,NCR,3
07328,MZP,PRYJ,NCR,3
09039,MZP,PRYJ,NCR,2
09040,MZP,PRYJ,NCR,3
09343,MZP,PRYJ,NCR,2
09344,MZP,PRYJ,NCR,3
11015,MZP,PRYJ,NCR,2
11016,MZP,PRYJ,NCR,3
11081,MZP,PRYJ,NCR,2
11082,MZP,PRYJ,NCR,3
12149,MZP,PRYJ,NCR,2
12150,MZP,PRYJ,NCR,3
12295,MZP,PRYJ,NCR,2
12296,MZP,PRYJ,NCR,3
12321,MZP,PRYJ,NCR,3
12322,MZP,PRYJ,NCR,2
12335,MZP,PRYJ,NCR,3
12336,MZP,PRYJ,NCR,2
12361,MZP,PRYJ,NCR,3
12362,MZP,PRYJ,NCR,2
12519,MZP,PRYJ,NCR,2
12520,MZP,PRYJ,NCR,3
12577,MZP,PRYJ,NCR,3
12578,MZP,PRYJ,NCR,2
13201,MZP,PRYJ,NCR,3
13202,MZP,PRYJ,NCR,2
15647,MZP,PRYJ,NCR,2
15648,MZP,PRYJ,NCR,3
15945,MZP,PRYJ,NCR,2
15946,MZP,PRYJ,NCR,3
17323,MZP,PRYJ,NCR,2
17324,MZP,PRYJ,NCR,3
19045,MZP,PRYJ,NCR,2
19046,MZP,PRYJ,NCR,3
22177,MZP,PRYJ,NCR,2
22178,MZP,PRYJ,NCR,3
22311,MZP,PRYJ,NCR,3
22312,MZP,PRYJ,NCR,2
22351,MZP,PRYJ,NCR,3
22352,MZP,PRYJ,NCR,2
22553,MZP,PRYJ,NCR,3
22554,MZP,PRYJ,NCR,2
22563,MZP,PRYJ,NCR,3
22564,MZP,PRYJ,NCR,2
22687,MZP,PRYJ,NCR,2
22688,MZP,PRYJ,NCR,3
22911,MZP,PRYJ,NCR,2
22912,MZP,PRYJ,NCR,3
22947,MZP,PRYJ,NCR,2
22948,MZP,PRYJ,NCR,3
11061,NYN,PRYJ,NCR,4
11062,NYN,PRYJ,NCR,3
15017,NYN,PRYJ,NCR,4
15018,NYN,PRYJ,NCR,3
01053,PCOI,PRYJ,NCR,2
01054,PCOI,PRYJ,NCR,3
01143,PCOI,PRYJ,NCR,2
01144,PCOI,PRYJ,NCR,3
01449,PCOI,PRYJ,NCR,2
01450,PCOI,PRYJ,NCR,3
01665,PCOI,PRYJ,NCR,2
01666,PCOI,PRYJ,NCR,3
01667,PCOI,PRYJ,NCR,2
01668,PCOI,PRYJ,NCR,3
01701,PCOI,PRYJ,NCR,2
01702,PCOI,PRYJ,NCR,3
03213,PCOI,PRYJ,NCR,3
03214,PCOI,PRYJ,NCR,2
03251,PCOI,PRYJ,NCR,3
03252,PCOI,PRYJ,NCR,2
03259,PCOI,PRYJ,NCR,3
03260,PCOI,PRYJ,NCR,2
03417,PCOI,PRYJ,NCR,2
03679,PCOI,PRYJ,NCR,3
03680,PCOI,PRYJ,NCR,2
05116,PCOI,PRYJ,NCR,2
05289,PCOI,PRYJ,NCR,3
05290,PCOI,PRYJ,NCR,2
05293,PCOI,PRYJ,NCR,3
05294,PCOI,PRYJ,NCR,2
05313,PCOI,PRYJ,NCR,2
05314,PCOI,PRYJ,NCR,3
05557,PCOI,PRYJ,NCR,3
05558,PCOI,PRYJ,NCR,2
06211,PCOI,PRYJ,NCR,2
06212,PCOI,PRYJ,NCR,3
06509,PCOI,PRYJ,NCR,2
06510,PCOI,PRYJ,NCR,3
06563,PCOI,PRYJ,NCR,2
06564,PCOI,PRYJ,NCR,3
07311,PCOI,PRYJ,NCR,2
07312,PCOI,PRYJ,NCR,3
07315,PCOI,PRYJ,NCR,2
07316,PCOI,PRYJ,NCR,3
07328,PCOI,PRYJ,NCR,3
08853,PCOI,PRYJ,NCR,2
09025,PCOI,PRYJ,NCR,2
09026,PCOI,PRYJ,NCR,3
09031,PCOI,PRYJ,NCR,2
09032,PCOI,PRYJ,NCR,3
09033,PCOI,PRYJ,NCR,2
09034,PCOI,PRYJ,NCR,3
09039,PCOI,PRYJ,NCR,2
09040,PCOI,PRYJ,NCR,3
09045,PCOI,PRYJ,NCR,2
09046,PCOI,PRYJ,NCR,3
09065,PCOI,PRYJ,NCR,2
09066,PCOI,PRYJ,NCR,4
09067,PCOI,PRYJ,NCR,2
09068,PCOI,PRYJ,NCR,3
09069,PCOI,PRYJ,NCR,2
09070,PCOI,PRYJ,NCR,3
09343,PCOI,PRYJ,NCR,2
09344,PCOI,PRYJ,NCR,3
11015,PCOI,PRYJ,NCR,2
11016,PCOI,PRYJ,NCR,2
11045,PCOI,PRYJ,NCR,2
11046,PCOI,PRYJ,NCR,3
11081,PCOI,PRYJ,NCR,3
11082,PCOI,PRYJ,NCR,4
11273,PCOI,PRYJ,NCR,4
11274,PCOI,PRYJ,NCR,4
11427,PCOI,PRYJ,NCR,2
11428,PCOI,PRYJ,NCR,4
12141,PCOI,PRYJ,NCR,3
12142,PCOI,PRYJ,NCR,4
12149,PCOI,PRYJ,NCR,3
12150,PCOI,PRYJ,NCR,3
12167,PCOI,PRYJ,NCR,2
12168,PCOI,PRYJ,NCR,3
12295,PCOI,PRYJ,NCR,2
12296,PCOI,PRYJ,NCR,4
12321,PCOI,PRYJ,NCR,4
12322,PCOI,PRYJ,NCR,2
12335,PCOI,PRYJ,NCR,3
12336,PCOI,PRYJ,NCR,2
12361,PCOI,PRYJ,NCR,3
12362,PCOI,PRYJ,NCR,2
12389,PCOI,PRYJ,NCR,4
12390,PCOI,PRYJ,NCR,3
12519,PCOI,PRYJ,NCR,2
12520,PCOI,PRYJ,NCR,3
12545,PCOI,PRYJ,NCR,3
12546,PCOI,PRYJ,NCR,3
12577,PCOI,PRYJ,NCR,4
12578,PCOI,PRYJ,NCR,2
12741,PCOI,PRYJ,NCR,2
12742,PCOI,PRYJ,NCR,3
13201,PCOI,PRYJ,NCR,3
13202,PCOI,PRYJ,NCR,2
15647,PCOI,PRYJ,NCR,2
15648,PCOI,PRYJ,NCR,3
15945,PCOI,PRYJ,NCR,2
15946,PCOI,PRYJ,NCR,3
16367,PCOI,PRYJ,NCR,2
16368,PCOI,PRYJ,NCR,4
16601,PCOI,PRYJ,NCR,2
16602,PCOI,PRYJ,NCR,3
17323,PCOI,PRYJ,NCR,2
17324,PCOI,PRYJ,NCR,4
17609,PCOI,PRYJ,NCR,4
17610,PCOI,PRYJ,NCR,3
19045,PCOI,PRYJ,NCR,2
19046,PCOI,PRYJ,NCR,3
19051,PCOI,PRYJ,NCR,2
19052,PCOI,PRYJ,NCR,3
19091,PCOI,PRYJ,NCR,2
19092,PCOI,PRYJ,NCR,4
19489,PCOI,PRYJ,NCR,2
19490,PCOI,PRYJ,NCR,4
20903,PCOI,PRYJ,NCR,2
20904,PCOI,PRYJ,NCR,4
20929,PCOI,PRYJ,NCR,2
20930,PCOI,PRYJ,NCR,4
22177,PCOI,PRYJ,NCR,2
22178,PCOI,PRYJ,NCR,3
22311,PCOI,PRYJ,NCR,3
22312,PCOI,PRYJ,NCR,2
22351,PCOI,PRYJ,NCR,4
22352,PCOI,PRYJ,NCR,2
22353,PCOI,PRYJ,NCR,4
22354,PCOI,PRYJ,NCR,2
22359,PCOI,PRYJ,NCR,3
22360,PCOI,PRYJ,NCR,2
22553,PCOI,PRYJ,NCR,3
22554,PCOI,PRYJ,NCR,2
22563,PCOI,PRYJ,NCR,4
22564,PCOI,PRYJ,NCR,2
22687,PCOI,PRYJ,NCR,2
22688,PCOI,PRYJ,NCR,3
22911,PCOI,PRYJ,NCR,2
22912,PCOI,PRYJ,NCR,4
22913,PCOI,PRYJ,NCR,2
22914,PCOI,PRYJ,NCR,3
22947,PCOI,PRYJ,NCR,2
22948,PCOI,PRYJ,NCR,3
22971,PCOI,PRYJ,NCR,2
22972,PCOI,PRYJ,NCR,3
11273,PNHI,PRYJ,NCR,2
11274,PNHI,PRYJ,NCR,1
01707,PRYJ,PRYJ,NCR,3
01708,PRYJ,PRYJ,NCR,4
04151,PRYJ,PRYJ,NCR,5
04152,PRYJ,PRYJ,NCR,3
07651,PRYJ,PRYJ,NCR,7
07652,PRYJ,PRYJ,NCR,8
11033,PRYJ,PRYJ,NCR,9
11034,PRYJ,PRYJ,NCR,8
11037,PRYJ,PRYJ,NCR,9
11038,PRYJ,PRYJ,NCR,10
11055,PRYJ,PRYJ,NCR,10
11056,PRYJ,PRYJ,NCR,8
11059,PRYJ,PRYJ,NCR,10
11060,PRYJ,PRYJ,NCR,8
11061,PRYJ,PRYJ,NCR,8
11062,PRYJ,PRYJ,NCR,8
11071,PRYJ,PRYJ,NCR,10
11072,PRYJ,PRYJ,NCR,8
12165,PRYJ,PRYJ,NCR,8
12166,PRYJ,PRYJ,NCR,7
12293,PRYJ,PRYJ,NCR,2
12294,PRYJ,PRYJ,NCR,2
12539,PRYJ,PRYJ,NCR,10
12540,PRYJ,PRYJ,NCR,8
12669,PRYJ,PRYJ,NCR,8
12670,PRYJ,PRYJ,NCR,7
12791,PRYJ,PRYJ,NCR,9
12792,PRYJ,PRYJ,NCR,8
15017,PRYJ,PRYJ,NCR,9
15018,PRYJ,PRYJ,NCR,7
15181,PRYJ,PRYJ,NCR,7
15182,PRYJ,PRYJ,NCR,8
15267,PRYJ,PRYJ,NCR,8
15268,PRYJ,PRYJ,NCR,9
15559,PRYJ,PRYJ,NCR,8
15560,PRYJ,PRYJ,NCR,9
18609,PRYJ,PRYJ,NCR,7
18610,PRYJ,PRYJ,NCR,9
19421,PRYJ,PRYJ,NCR,9
19422,PRYJ,PRYJ,NCR,10
20933,PRYJ,PRYJ,NCR,10
20934,PRYJ,PRYJ,NCR,8
22103,PRYJ,PRYJ,NCR,9
22104,PRYJ,PRYJ,NCR,7
22131,PRYJ,PRYJ,NCR,10
22132,PRYJ,PRYJ,NCR,8
22183,PRYJ,PRYJ,NCR,9
22184,PRYJ,PRYJ,NCR,10
22535,PRYJ,PRYJ,NCR,7
22536,PRYJ,PRYJ,NCR,8
22613,PRYJ,PRYJ,NCR,7
22614,PRYJ,PRYJ,NCR,9
22669,PRYJ,PRYJ,NCR,7
22670,PRYJ,PRYJ,NCR,10
22683,PRYJ,PRYJ,NCR,9
22684,PRYJ,PRYJ,NCR,10
22967,PRYJ,PRYJ,NCR,2
22968,PRYJ,PRYJ,NCR,2
04115,SFG,PRYJ,NCR,2
04116,SFG,PRYJ,NCR,4
01707,SRJ,PRYJ,NCR,2
01708,SRJ,PRYJ,NCR,1
11273,SRJ,PRYJ,NCR,2
11274,SRJ,PRYJ,NCR,1
12321,SRJ,PRYJ,NCR,1
12322,SRJ,PRYJ,NCR,2
13201,SRJ,PRYJ,NCR,1
13202,SRJ,PRYJ,NCR,2
15017,SRJ,PRYJ,NCR,2
15018,SRJ,PRYJ,NCR,1
19045,SRJ,PRYJ,NCR,2
19046,SRJ,PRYJ,NCR,1
22563,SRJ,PRYJ,NCR,1
22564,SRJ,PRYJ,NCR,2
22911,SRJ,PRYJ,NCR,2
22912,SRJ,PRYJ,NCR,1
04151,SRO,PRYJ,NCR,2
04152,SRO,PRYJ,NCR,1
01707,TDL,PRYJ,NCR,4
01708,TDL,PRYJ,NCR,5
11055,AMH,BSB,NER,1
11056,AMH,BSB,NER,2
11059,AMH,BSB,NER,1
11060,AMH,BSB,NER,2
15181,AMH,BSB,NER,2
15182,AMH,BSB,NER,1
19045,AMH,BSB,NER,1
19046,AMH,BSB,NER,2
07651,ARJ,BSB,NER,3
07652,ARJ,BSB,NER,4
11033,ARJ,BSB,NER,3
11034,ARJ,BSB,NER,4
11061,ARJ,BSB,NER,4
11062,ARJ,BSB,NER,3
11071,ARJ,BSB,NER,3
11072,ARJ,BSB,NER,4
11081,ARJ,BSB,NER,6
11082,ARJ,BSB,NER,5
15017,ARJ,BSB,NER,6
15018,ARJ,BSB,NER,5
15267,ARJ,BSB,NER,4
15268,ARJ,BSB,NER,4
11033,BCY,BSB,NER,4
11034,BCY,BSB,NER,1
11061,BCY,BSB,NER,4
11062,BCY,BSB,NER,1
15017,BCY,BSB,NER,4
15018,BCY,BSB,NER,1
11037,BLTR,BSB,NER,2
11038,BLTR,BSB,NER,2
11055,BLTR,BSB,NER,2
11056,BLTR,BSB,NER,1
11059,BLTR,BSB,NER,2
11060,BLTR,BSB,NER,1
11081,BLTR,BSB,NER,2
11082,BLTR,BSB,NER,1
15017,BLTR,BSB,NER,2
15018,BLTR,BSB,NER,1
07651,BSBS,BSB,NER,3
07652,BSBS,BSB,NER,1
11033,BSBS,BSB,NER,3
11034,BSBS,BSB,NER,1
12167,BSBS,BSB,NER,7
12168,BSBS,BSB,NER,7
15559,BSBS,BSB,NER,1
15559,BSBS,BSB,NER,2
15560,BSBS,BSB,NER,2
15560,BSBS,BSB,NER,3
16367,BSBS,BSB,NER,8
16368,BSBS,BSB,NER,5
17323,BSBS,BSB,NER,6
17324,BSBS,BSB,NER,4
20929,BSBS,BSB,NER,1
20930,BSBS,BSB,NER,1
22131,BSBS,BSB,NER,2
22132,BSBS,BSB,NER,1
22535,BSBS,BSB,NER,6
22535,BSBS,BSB,NER,8
22536,BSBS,BSB,NER,6
11059,BTT,BSB,NER,2
11060,BTT,BSB,NER,2
11081,BTT,BSB,NER,2
11082,BTT,BSB,NER,4
15017,BTT,BSB,NER,2
15018,BTT,BSB,NER,2
19091,BTT,BSB,NER,2
19092,BTT,BSB,NER,4
19489,BTT,BSB,NER,2
19490,BTT,BSB,NER,4
07651,BUI,BSB,NER,2
07652,BUI,BSB,NER,3
11033,BUI,BSB,NER,2
11034,BUI,BSB,NER,1
11061,BUI,BSB,NER,2
11062,BUI,BSB,NER,1
11071,BUI,BSB,NER,3
11072,BUI,BSB,NER,3
12669,BUI,BSB,NER,2
12670,BUI,BSB,NER,1
15267,BUI,BSB,NER,1
15268,BUI,BSB,NER,2
15559,BUI,BSB,NER,1
15560,BUI,BSB,NER,2
19045,BUI,BSB,NER,2
19046,BUI,BSB,NER,1
19051,BUI,BSB,NER,2
19052,BUI,BSB,NER,1
15017,CC,BSB,NER,1
15018,CC,BSB,NER,2
07651,CPR,BSB,NER,3
07652,CPR,BSB,NER,4
09065,CPR,BSB,NER,3
09066,CPR,BSB,NER,6
11033,CPR,BSB,NER,3
11034,CPR,BSB,NER,1
11059,CPR,BSB,NER,5
11060,CPR,BSB,NER,5
11061,CPR,BSB,NER,2
11062,CPR,BSB,NER,1
12669,CPR,BSB,NER,2
12670,CPR,BSB,NER,4
15267,CPR,BSB,NER,1
15268,CPR,BSB,NER,3
15559,CPR,BSB,NER,1
15560,CPR,BSB,NER,3
19045,CPR,BSB,NER,2
19045,CPR,BSB,NER,6
19046,CPR,BSB,NER,2
19046,CPR,BSB,NER,4
19051,CPR,BSB,NER,3
19052,CPR,BSB,NER,1
11037,DEOS,BSB,NER,2
11038,DEOS,BSB,NER,3
11055,DEOS,BSB,NER,2
11056,DEOS,BSB,NER,3
11081,DEOS,BSB,NER,2
11082,DEOS,BSB,NER,3
12165,DEOS,BSB,NER,2
12166,DEOS,BSB,NER,3
15017,DEOS,BSB,NER,1
15018,DEOS,BSB,NER,3
19091,DEOS,BSB,NER,2
19092,DEOS,BSB,NER,3
19489,DEOS,BSB,NER,2
19490,DEOS,BSB,NER,3
15017,DLR,BSB,NER,2
15018,DLR,BSB,NER,1
07651,GCT,BSB,NER,2
07652,GCT,BSB,NER,3
11033,GCT,BSB,NER,4
11034,GCT,BSB,NER,1
11061,GCT,BSB,NER,3
11062,GCT,BSB,NER,1
11071,GCT,BSB,NER,4
11072,GCT,BSB,NER,4
12669,GCT,BSB,NER,2
12670,GCT,BSB,NER,1
15267,GCT,BSB,NER,1
15268,GCT,BSB,NER,4
15559,GCT,BSB,NER,1
15560,GCT,BSB,NER,2
19051,GCT,BSB,NER,2
19045,GOPG,BSB,NER,1
19046,GOPG,BSB,NER,1
07651,GYN,BSB,NER,1
07652,GYN,BSB,NER,2
11033,GYN,BSB,NER,2
11034,GYN,BSB,NER,2
11061,GYN,BSB,NER,2
11062,GYN,BSB,NER,2
12791,GYN,BSB,NER,2
12792,GYN,BSB,NER,2
15267,GYN,BSB,NER,2
15268,GYN,BSB,NER,2
15559,GYN,BSB,NER,2
15560,GYN,BSB,NER,2
18609,GYN,BSB,NER,2
19421,GYN,BSB,NER,2
19422,GYN,BSB,NER,2
20933,GYN,BSB,NER,2
20934,GYN,BSB,NER,2
22131,GYN,BSB,NER,2
22132,GYN,BSB,NER,2
22535,GYN,BSB,NER,2
22536,GYN,BSB,NER,2
22669,GYN,BSB,NER,2
22670,GYN,BSB,NER,2
15267,HDK,BSB,NER,2
15017,IAA,BSB,NER,2
15018,IAA,BSB,NER,1
15017,JKN,BSB,NER,2
15018,JKN,BSB,NER,1
09065,KCT,BSB,NER,2
09066,KCT,BSB,NER,1
11055,KRND,BSB,NER,2
11056,KRND,BSB,NER,1
11059,KRND,BSB,NER,1
11060,KRND,BSB,NER,1
15181,KRND,BSB,NER,1
15182,KRND,BSB,NER,1
15017,LRD,BSB,NER,1
15018,LRD,BSB,NER,1
05314,MAU,BSB,NER,1
11037,MAU,BSB,NER,1
11038,MAU,BSB,NER,2
11055,MAU,BSB,NER,3
11056,MAU,BSB,NER,3
11059,MAU,BSB,NER,3
11060,MAU,BSB,NER,3
11081,MAU,BSB,NER,2
11082,MAU,BSB,NER,1
12165,MAU,BSB,NER,2
12166,MAU,BSB,NER,1
15017,MAU,BSB,NER,2
15018,MAU,BSB,NER,1
15181,MAU,BSB,NER,3
15182,MAU,BSB,NER,3
19045,MAU,BSB,NER,3
19046,MAU,BSB,NER,3
19091,MAU,BSB,NER,1
19092,MAU,BSB,NER,1
19489,MAU,BSB,NER,1
19490,MAU,BSB,NER,1
19045,MHC,BSB,NER,1
19046,MHC,BSB,NER,1
11055,MMA,BSB,NER,1
11056,MMA,BSB,NER,1
11059,MMA,BSB,NER,1
11060,MMA,BSB,NER,1
15181,MMA,BSB,NER,2
15182,MMA,BSB,NER,1
19045,MMA,BSB,NER,1
19046,MMA,BSB,NER,1
11059,MW,BSB,NER,2
11060,MW,BSB,NER,1
11033,PRRB,BSB,NER,7
11034,PRRB,BSB,NER,5
11061,PRRB,BSB,NER,7
11062,PRRB,BSB,NER,6
12791,PRRB,BSB,NER,7
12792,PRRB,BSB,NER,5
15559,PRRB,BSB,NER,6
15560,PRRB,BSB,NER,7
19421,PRRB,BSB,NER,7
19422,PRRB,BSB,NER,6
22131,PRRB,BSB,NER,7
22132,PRRB,BSB,NER,6
22669,PRRB,BSB,NER,7
19045,RSR,BSB,NER,2
19046,RSR,BSB,NER,1
15017,SDT,BSB,NER,1
15018,SDT,BSB,NER,1
11061,SIP,BSB,NER,2
11062,SIP,BSB,NER,1
19045,SIP,BSB,NER,2
19046,SIP,BSB,NER,1
11055,SMZ,BSB,NER,1
11056,SMZ,BSB,NER,1
11059,SMZ,BSB,NER,1
11060,SMZ,BSB,NER,1
11061,SRNT,BSB,NER,1
11062,SRNT,BSB,NER,2
11037,SRU,BSB,NER,1
11038,SRU,BSB,NER,2
11059,SRU,BSB,NER,2
11060,SRU,BSB,NER,2
15017,SRU,BSB,NER,2
15018,SRU,BSB,NER,1
07651,STW,BSB,NER,2
07652,STW,BSB,NER,1
11059,SV,BSB,NER,1
11060,SV,BSB,NER,3
19045,THE,BSB,NER,2
11061,YFP,BSB,NER,3
11062,YFP,BSB,NER,1
11055,BST,LJN,NER,1
11056,BST,LJN,NER,3
11055,GD,LJN,NER,5
11056,GD,LJN,NER,5
11037,GKP,LJN,NER,8
11038,GKP,LJN,NER,5
11055,GKP,LJN,NER,4
11056,GKP,LJN,NER,4
11081,GKP,LJN,NER,6
11082,GKP,LJN,NER,7
12165,GKP,LJN,NER,5
12166,GKP,LJN,NER,5
15017,GKP,LJN,NER,7
15018,GKP,LJN,NER,8
19091,GKP,LJN,NER,6
19092,GKP,LJN,NER,6
19489,GKP,LJN,NER,6
19490,GKP,LJN,NER,6
15205,LJN,LJN,NER,4
15206,LJN,LJN,NER,4
15647,DQG,APDJ,NFR,2
15648,DQG,APDJ,NFR,1
15945,DQG,APDJ,NFR,2
15946,DQG,APDJ,NFR,1
15945,KOJ,APDJ,NFR,2
15946,KOJ,APDJ,NFR,1
01665,NCB,APDJ,NFR,5
01666,NCB,APDJ,NFR,2
12519,NCB,APDJ,NFR,5
12520,NCB,APDJ,NFR,2
15647,NCB,APDJ,NFR,4
15648,NCB,APDJ,NFR,3
15945,NCB,APDJ,NFR,4
15946,NCB,APDJ,NFR,3
15647,NOQ,APDJ,NFR,1
15648,NOQ,APDJ,NFR,2
15945,NOQ,APDJ,NFR,1
15946,NOQ,APDJ,NFR,2
15945,BOE,KIR,NFR,2
15946,BOE,KIR,NFR,1
01665,KIR,KIR,NFR,3
01666,KIR,KIR,NFR,3
12519,KIR,KIR,NFR,1
12520,KIR,KIR,NFR,5
15945,KIR,KIR,NFR,1
15946,KIR,KIR,NFR,5
01665,KNE,KIR,NFR,2
01666,KNE,KIR,NFR,2
12519,KNE,KIR,NFR,1
12520,KNE,KIR,NFR,2
15647,KNE,KIR,NFR,1
15648,KNE,KIR,NFR,2
15945,KNE,KIR,NFR,1
15946,KNE,KIR,NFR,2
01665,NJP,KIR,NFR,1A
01666,NJP,KIR,NFR,4
12519,NJP,KIR,NFR,1
12520,NJP,KIR,NFR,3
15647,NJP,KIR,NFR,1
15648,NJP,KIR,NFR,3
15945,NJP,KIR,NFR,2
15946,NJP,KIR,NFR,3
01665,ABSA,LMG,NFR,2
01666,ABSA,LMG,NFR,2
12519,ABSA,LMG,NFR,1
12520,ABSA,LMG,NFR,1
01665,AGTL,LMG,NFR,2
01666,AGTL,LMG,NFR,1
12519,AGTL,LMG,NFR,1
12520,AGTL,LMG,NFR,2
01665,BPB,LMG,NFR,3
01666,BPB,LMG,NFR,1
12519,BPB,LMG,NFR,3
12520,BPB,LMG,NFR,1
01665,CPK,LMG,NFR,1
01666,CPK,LMG,NFR,1
12519,CPK,LMG,NFR,2
12520,CPK,LMG,NFR,1
01665,DMR,LMG,NFR,2
01666,DMR,LMG,NFR,2
12519,DMR,LMG,NFR,1
12520,DMR,LMG,NFR,1
15945,DMV,LMG,NFR,3
15946,DMV,LMG,NFR,1
15945,DPU,LMG,NFR,2
15946,DPU,LMG,NFR,1
01665,GHY,LMG,NFR,3
01666,GHY,LMG,NFR,1
12519,GHY,LMG,NFR,3
12520,GHY,LMG,NFR,4
15647,GHY,LMG,NFR,4
15648,GHY,LMG,NFR,4
15945,GHY,LMG,NFR,1
15946,GHY,LMG,NFR,1
12519,HJI,LMG,NFR,2
12520,HJI,LMG,NFR,1
15945,HJI,LMG,NFR,2
15946,HJI,LMG,NFR,1
01665,KUGT,LMG,NFR,1
01666,KUGT,LMG,NFR,1
12519,KYQ,LMG,NFR,3
12520,KYQ,LMG,NFR,2
15647,KYQ,LMG,NFR,2
15648,KYQ,LMG,NFR,3
15945,KYQ,LMG,NFR,2
15946,KYQ,LMG,NFR,2
15945,LMG,LMG,NFR,1
15946,LMG,LMG,NFR,4
12519,MYD,LMG,NFR,1
12520,MYD,LMG,NFR,1
01665,NHLG,LMG,NFR,2
01666,NHLG,LMG,NFR,2
12519,NHLG,LMG,NFR,1
12520,NHLG,LMG,NFR,1
01665,NKMG,LMG,NFR,1
01666,NKMG,LMG,NFR,1
01665,TLMR,LMG,NFR,1
01666,TLMR,LMG,NFR,1
15647,BPRD,RNY,NFR,1
15648,BPRD,RNY,NFR,1
15945,BPRD,RNY,NFR,1
15946,BPRD,RNY,NFR,1
A17409,MRZA,RNY,NFR,1
01665,NBQ,RNY,NFR,1B
12519,NBQ,RNY,NFR,3
12520,NBQ,RNY,NFR,1
15647,NBQ,RNY,NFR,3
15648,NBQ,RNY,NFR,1
15945,NBQ,RNY,NFR,3
15946,NBQ,RNY,NFR,1
01665,RNY,RNY,NFR,1
01666,RNY,RNY,NFR,2
12519,RNY,RNY,NFR,2
12520,RNY,RNY,NFR,1
15647,RNY,RNY,NFR,2
15648,RNY,RNY,NFR,1
15945,RNY,RNY,NFR,2
15946,RNY,RNY,NFR,1
15945,DBRG,TSK,NFR,2
15946,DBRG,TSK,NFR,1
15945,FKG,TSK,NFR,1
15946,FKG,TSK,NFR,1
15945,MXN,TSK,NFR,1
15946,MXN,TSK,NFR,1
15945,NTSK,TSK,NFR,3
15946,NTSK,TSK,NFR,1
15945,SLGR,TSK,NFR,2
15946,SLGR,TSK,NFR,1
01708,ANVT,DLI,NR,8
12189,BVH,DLI,NR,3
12190,BVH,DLI,NR,4
18477,DBD,DLI,NR,2
18478,DBD,DLI,NR,3
12189,FDB,DLI,NR,2
18477,FDB,DLI,NR,2
18478,FDB,DLI,NR,3
22167,FDB,DLI,NR,2
22168,FDB,DLI,NR,3
18477,GZB,DLI,NR,1
18478,GZB,DLI,NR,4
18477,MOZ,DLI,NR,1
18478,MOZ,DLI,NR,2
18477,MTC,DLI,NR,3
18478,MTC,DLI,NR,1
18477,MUT,DLI,NR,3
18478,MUT,DLI,NR,1
20807,NDLS,DLI,NR,6
20808,NDLS,DLI,NR,6
12189,NZM,DLI,NR,8
12190,NZM,DLI,NR,8
18477,NZM,DLI,NR,1
18478,NZM,DLI,NR,2
20807,NZM,DLI,NR,2
20808,NZM,DLI,NR,4
22167,NZM,DLI,NR,6
22168,NZM,DLI,NR,5
20807,PNP,DLI,NR,3
20808,PNP,DLI,NR,2
12189,PWL,DLI,NR,4
12190,PWL,DLI,NR,5
18477,SKF,DLI,NR,2
18478,SKF,DLI,NR,1
18477,TPZ,DLI,NR,1
18478,TPZ,DLI,NR,1
20807,ASR,FZR,NR,3
20808,ASR,FZR,NR,5
20807,BEAS,FZR,NR,1
20808,BEAS,FZR,NR,2
20807,JUC,FZR,NR,1
20808,JUC,FZR,NR,1
20807,LDH,FZR,NR,2
20808,LDH,FZR,NR,1
22103,ABP,LKO,NR,1
22104,ABP,LKO,NR,2
12539,AME,LKO,NR,2
12540,AME,LKO,NR,1
22683,AME,LKO,NR,2
22684,AME,LKO,NR,1
22613,AY,LKO,NR,2
22614,AY,LKO,NR,2
22103,AYC,LKO,NR,3
22104,AYC,LKO,NR,3
22183,AYC,LKO,NR,3
22184,AYC,LKO,NR,3
22613,AYC,LKO,NR,3
22614,AYC,LKO,NR,3
11071,BOY,LKO,NR,1
11072,BOY,LKO,NR,2
12165,BOY,LKO,NR,2
12166,BOY,LKO,NR,1
12669,BOY,LKO,NR,2
12670,BOY,LKO,NR,1
15017,BOY,LKO,NR,1
15018,BOY,LKO,NR,2
07651,BSB,LKO,NR,8
07652,BSB,LKO,NR,7
09065,BSB,LKO,NR,9
09066,BSB,LKO,NR,8
11033,BSB,LKO,NR,1
11033,BSB,LKO,NR,2
11034,BSB,LKO,NR,1
11037,BSB,LKO,NR,1
11038,BSB,LKO,NR,1
11061,BSB,LKO,NR,1
11062,BSB,LKO,NR,1
11071,BSB,LKO,NR,3
11072,BSB,LKO,NR,1
11081,BSB,LKO,NR,8
11082,BSB,LKO,NR,6
12165,BSB,LKO,NR,1
12166,BSB,LKO,NR,1
12167,BSB,LKO,NR,3
12168,BSB,LKO,NR,1
12669,BSB,LKO,NR,4
12670,BSB,LKO,NR,1
12791,BSB,LKO,NR,2
12792,BSB,LKO,NR,1
15017,BSB,LKO,NR,5
15018,BSB,LKO,NR,5
15267,BSB,LKO,NR,1
15268,BSB,LKO,NR,1
15559,BSB,LKO,NR,2
15560,BSB,LKO,NR,3
16367,BSB,LKO,NR,3
16368,BSB,LKO,NR,2
17323,BSB,LKO,NR,2
17324,BSB,LKO,NR,3
18609,BSB,LKO,NR,2
18610,BSB,LKO,NR,1
19045,BSB,LKO,NR,6
19046,BSB,LKO,NR,9
19051,BSB,LKO,NR,8
19052,BSB,LKO,NR,7
19091,BSB,LKO,NR,2
19092,BSB,LKO,NR,2
19421,BSB,LKO,NR,3
19422,BSB,LKO,NR,1
19489,BSB,LKO,NR,2
19490,BSB,LKO,NR,2
20903,BSB,LKO,NR,8
20904,BSB,LKO,NR,9
20929,BSB,LKO,NR,2
20933,BSB,LKO,NR,2
20934,BSB,LKO,NR,1
22177,BSB,LKO,NR,5
22178,BSB,LKO,NR,5
22669,BSB,LKO,NR,2
22670,BSB,LKO,NR,1
22687,BSB,LKO,NR,4
22688,BSB,LKO,NR,5
15018,CHH,LKO,NR,2
11055,JNH,LKO,NR,3
11056,JNH,LKO,NR,2
11059,JNH,LKO,NR,2
11060,JNH,LKO,NR,3
11071,JNH,LKO,NR,2
11072,JNH,LKO,NR,2
12165,JNH,LKO,NR,1
12166,JNH,LKO,NR,2
15017,JNH,LKO,NR,1
15018,JNH,LKO,NR,2
15181,JNH,LKO,NR,3
15182,JNH,LKO,NR,3
22103,JNH,LKO,NR,1
22104,JNH,LKO,NR,1
09065,JNU,LKO,NR,1
09066,JNU,LKO,NR,5
11055,JNU,LKO,NR,1
11056,JNU,LKO,NR,2
11059,JNU,LKO,NR,1
11060,JNU,LKO,NR,2
11081,JNU,LKO,NR,5
11082,JNU,LKO,NR,5
15181,JNU,LKO,NR,1
15182,JNU,LKO,NR,1
19045,JNU,LKO,NR,1
19046,JNU,LKO,NR,2
19051,JNU,LKO,NR,5
19052,JNU,LKO,NR,5
22103,JNU,LKO,NR,2
22104,JNU,LKO,NR,2
22613,JNU,LKO,NR,1
22614,JNU,LKO,NR,2
15017,KEH,LKO,NR,1
15018,KEH,LKO,NR,1
19045,KEI,LKO,NR,2
19046,KEI,LKO,NR,4
19421,KEI,LKO,NR,3
19422,KEI,LKO,NR,2
22177,KEI,LKO,NR,1
22178,KEI,LKO,NR,2
12539,LKO,LKO,NR,4
12540,LKO,LKO,NR,3
22683,LKO,LKO,NR,2
22684,LKO,LKO,NR,2
11055,MAY,LKO,NR,1
11056,MAY,LKO,NR,1
11059,MAY,LKO,NR,1
11060,MAY,LKO,NR,1
15181,MAY,LKO,NR,1
15182,MAY,LKO,NR,1
22103,MAY,LKO,NR,1
22104,MAY,LKO,NR,1
12539,MBDP,LKO,NR,1
12540,MBDP,LKO,NR,1
22183,MBDP,LKO,NR,3
22184,MBDP,LKO,NR,2
22683,MBDP,LKO,NR,1
22684,MBDP,LKO,NR,1
15017,MOF,LKO,NR,1
15018,MOF,LKO,NR,2
15205,ON,LKO,NR,2
15206,ON,LKO,NR,3
15017,PFM,LKO,NR,1
15018,PFM,LKO,NR,2
11055,PLP,LKO,NR,1
11056,PLP,LKO,NR,3
11059,PLP,LKO,NR,1
11060,PLP,LKO,NR,3
11071,PLP,LKO,NR,1
11072,PLP,LKO,NR,3
15017,PLP,LKO,NR,1
15018,PLP,LKO,NR,3
15181,PLP,LKO,NR,1
15182,PLP,LKO,NR,1
11071,PRF,LKO,NR,2
15017,PRF,LKO,NR,2
15018,PRF,LKO,NR,1
15017,PRG,LKO,NR,1
15018,PRG,LKO,NR,3
15181,PRG,LKO,NR,2
15182,PRG,LKO,NR,1
12539,RBL,LKO,NR,1
12540,RBL,LKO,NR,2
22683,RBL,LKO,NR,1
22684,RBL,LKO,NR,2
11071,SAW,LKO,NR,1
11072,SAW,LKO,NR,2
15017,SAW,LKO,NR,1
15018,SAW,LKO,NR,2
11055,SHG,LKO,NR,4
11056,SHG,LKO,NR,4
11059,SHG,LKO,NR,4
11060,SHG,LKO,NR,4
15181,SHG,LKO,NR,1
15182,SHG,LKO,NR,1
19045,SHG,LKO,NR,1
19046,SHG,LKO,NR,4
22103,SHG,LKO,NR,1
22104,SHG,LKO,NR,2
22613,SHG,LKO,NR,1
22614,SHG,LKO,NR,2
22183,SLN,LKO,NR,3
22184,SLN,LKO,NR,2
15017,SQN,LKO,NR,2
15018,SQN,LKO,NR,1
11071,SWPR,LKO,NR,2
15017,SWPR,LKO,NR,1
15018,SWPR,LKO,NR,2
15017,SYC,LKO,NR,1
15018,SYC,LKO,NR,2
15017,URPR,LKO,NR,1
15018,URPR,LKO,NR,2
11055,ZBD,LKO,NR,2
11056,ZBD,LKO,NR,1
11059,ZBD,LKO,NR,3
11060,ZBD,LKO,NR,4
18477,HW,MB,NR,3
18478,HW,MB,NR,1
18477,MOTC,MB,NR,2
18478,MOTC,MB,NR,1
18477,RK,MB,NR,2
18478,RK,MB,NR,3
18477,RWL,MB,NR,1
18478,RWL,MB,NR,1
18477,VRH,MB,NR,1
18478,VRH,MB,NR,1
18477,YNRK,MB,NR,1
18478,YNRK,MB,NR,3
20807,UMB,UMB,NR,7
20808,UMB,UMB,NR,2
08611,AII,AII,NWR,1
08612,AII,AII,NWR,6
09619,AII,AII,NWR,3
09620,AII,AII,NWR,5
18009,AII,AII,NWR,6
18010,AII,AII,NWR,5
19607,AII,AII,NWR,1
19608,AII,AII,NWR,2
08611,BHL,AII,NWR,1
08612,BHL,AII,NWR,1
18009,BHL,AII,NWR,2
18010,BHL,AII,NWR,1
19607,BHL,AII,NWR,1
19608,BHL,AII,NWR,1
08611,BJNR,AII,NWR,1
08612,BJNR,AII,NWR,1
19607,MDJN,AII,NWR,1
19608,MDJN,AII,NWR,3
20971,MVJ,AII,NWR,1
20972,MVJ,AII,NWR,1
08611,NSD,AII,NWR,2
08612,NSD,AII,NWR,1
20971,RPZ,AII,NWR,01
20972,RPZ,AII,NWR,01
20971,UDZ,AII,NWR,3
20972,UDZ,AII,NWR,5
20471,BKN,BKN,NWR,1
20472,BKN,BKN,NWR,3
20471,LGH,BKN,NWR,3
20472,LGH,BKN,NWR,1
20471,LKS,BKN,NWR,1
20472,LKS,BKN,NWR,1
20471,RSNR,BKN,NWR,2
20472,RSNR,BKN,NWR,1
20471,SGNR,BKN,NWR,1
20472,SGNR,BKN,NWR,3
20471,SOG,BKN,NWR,3
20472,SOG,BKN,NWR,1
20471,SRW,BKN,NWR,2
20472,SRW,BKN,NWR,1
20471,BNLW,JP,NWR,1
20472,BNLW,JP,NWR,1
09619,DPA,JP,NWR,1
09620,DPA,JP,NWR,2
20471,DPA,JP,NWR,1
20472,DPA,JP,NWR,1
20471,FL,JP,NWR,1
20472,FL,JP,NWR,2
09619,JP,JP,NWR,4
09620,JP,JP,NWR,2
20471,JP,JP,NWR,5
20472,JP,JP,NWR,5
09619,KSG,JP,NWR,1
09620,KSG,JP,NWR,2
20471,DNA,JU,NWR,3
20472,DNA,JU,NWR,2
20471,MKN,JU,NWR,1
20472,MKN,JU,NWR,3
20471,MTDB,JU,NWR,1
20472,MTDB,JU,NWR,1
20471,NGO,JU,NWR,1
20472,NGO,JU,NWR,2
20471,NOK,JU,NWR,1
20472,NOK,JU,NWR,1
03251,BZA,BZA,SCR,2
03252,BZA,BZA,SCR,2
03259,BZA,BZA,SCR,2
03260,BZA,BZA,SCR,2
06509,BZA,BZA,SCR,2
06510,BZA,BZA,SCR,2
12295,BZA,BZA,SCR,8
12296,BZA,BZA,SCR,8
12389,BZA,BZA,SCR,6
12390,BZA,BZA,SCR,7
12539,BZA,BZA,SCR,10
12540,BZA,BZA,SCR,10
12577,BZA,BZA,SCR,9
12578,BZA,BZA,SCR,10
12669,BZA,BZA,SCR,10
12670,BZA,BZA,SCR,8
16367,BZA,BZA,SCR,6
16368,BZA,BZA,SCR,10
22351,BZA,BZA,SCR,10
22352,BZA,BZA,SCR,10
22353,BZA,BZA,SCR,9
22354,BZA,BZA,SCR,10
22535,BZA,BZA,SCR,10
22536,BZA,BZA,SCR,10
22613,BZA,BZA,SCR,10
22614,BZA,BZA,SCR,8
22669,BZA,BZA,SCR,10
22670,BZA,BZA,SCR,8
03251,GDR,BZA,SCR,1
03252,GDR,BZA,SCR,1
03259,GDR,BZA,SCR,1
03260,GDR,BZA,SCR,1
03679,GDR,BZA,SCR,3
03680,GDR,BZA,SCR,3
12295,GDR,BZA,SCR,4
12296,GDR,BZA,SCR,1
12577,GDR,BZA,SCR,1
12578,GDR,BZA,SCR,2
12669,GDR,BZA,SCR,2
12670,GDR,BZA,SCR,1
22351,GDR,BZA,SCR,1
22352,GDR,BZA,SCR,2
22353,GDR,BZA,SCR,1
22354,GDR,BZA,SCR,2
22535,GDR,BZA,SCR,2
22536,GDR,BZA,SCR,1
22613,GDR,BZA,SCR,2
22614,GDR,BZA,SCR,1
22670,GDR,BZA,SCR,1
12295,NLR,BZA,SCR,2
12296,NLR,BZA,SCR,3
12389,NLR,BZA,SCR,3
12390,NLR,BZA,SCR,2
16367,NLR,BZA,SCR,2
16368,NLR,BZA,SCR,3
22351,NLR,BZA,SCR,3
22352,NLR,BZA,SCR,2
22535,NLR,BZA,SCR,2
22536,NLR,BZA,SCR,3
22669,NLR,BZA,SCR,2
22670,NLR,BZA,SCR,3
03251,OGL,BZA,SCR,3
03252,OGL,BZA,SCR,1
03259,OGL,BZA,SCR,3
03260,OGL,BZA,SCR,1
12295,OGL,BZA,SCR,1
12296,OGL,BZA,SCR,3
12389,OGL,BZA,SCR,2
12390,OGL,BZA,SCR,1
12577,OGL,BZA,SCR,3
12578,OGL,BZA,SCR,1
12669,OGL,BZA,SCR,1
12670,OGL,BZA,SCR,3
16367,OGL,BZA,SCR,1
16368,OGL,BZA,SCR,3
22351,OGL,BZA,SCR,3
22352,OGL,BZA,SCR,1
22535,OGL,BZA,SCR,1
22536,OGL,BZA,SCR,3
22669,OGL,BZA,SCR,1
22670,OGL,BZA,SCR,3
16367,TEL,BZA,SCR,4
16368,TEL,BZA,SCR,3
22535,TEL,BZA,SCR,4
22536,TEL,BZA,SCR,3
22669,TEL,BZA,SCR,4
22670,TEL,BZA,SCR,3
22687,AD,GTL,SCR,4
22688,AD,GTL,SCR,1
22683,ATP,GTL,SCR,2
22684,ATP,GTL,SCR,4
22683,DHNE,GTL,SCR,1
22684,DHNE,GTL,SCR,2
22683,DMM,GTL,SCR,2
22684,DMM,GTL,SCR,1
22687,GTL,GTL,SCR,3
22688,GTL,GTL,SCR,1
22683,GY,GTL,SCR,1
22684,GY,GTL,SCR,2
22687,MALM,GTL,SCR,1
22688,MALM,GTL,SCR,1
22687,RC,GTL,SCR,2
22688,RC,GTL,SCR,1
03679,RU,GTL,SCR,5
03680,RU,GTL,SCR,5
22687,YG,GTL,SCR,2
22688,YG,GTL,SCR,1
22683,GWD,HYB,SCR,1
22684,GWD,HYB,SCR,1
22683,KCG,HYB,SCR,1
22684,KCG,HYB,SCR,3
22683,KRNT,HYB,SCR,2
22684,KRNT,HYB,SCR,1
22683,MBNR,HYB,SCR,2
22684,MBNR,HYB,SCR,1
22683,MJF,HYB,SCR,3
22684,MJF,HYB,SCR,3
11045,ADB,NED,SCR,2
11046,ADB,NED,SCR,1
17609,ADB,NED,SCR,1
17610,ADB,NED,SCR,2
07651,AWB,NED,SCR,2
07652,AWB,NED,SCR,3
17609,HEM,NED,SCR,1
17610,HEM,NED,SCR,1
07651,J,NED,SCR,1
07652,J,NED,SCR,3
11045,KNVT,NED,SCR,2
11046,KNVT,NED,SCR,1
17609,KNVT,NED,SCR,1
17610,KNVT,NED,SCR,2
11045,NED,NED,SCR,3
11046,NED,NED,SCR,4
17609,NED,NED,SCR,1
17610,NED,NED,SCR,4
11045,PAU,NED,SCR,3
11046,PAU,NED,SCR,2
17609,PAU,NED,SCR,2
17610,PAU,NED,SCR,1
11045,PBN,NED,SCR,2
11046,PBN,NED,SCR,3
17609,SHSK,NED,SCR,2
17610,SHSK,NED,SCR,1
07419,BPA,SC,SCR,1
07420,BPA,SC,SCR,1
12791,BPA,SC,SCR,1
12791,BPA,SC,SCR,2
12792,BPA,SC,SCR,2
22669,BPA,SC,SCR,2
22670,BPA,SC,SCR,2
12791,CHZ,SC,SCR,1
12791,CHZ,SC,SCR,3
12792,CHZ,SC,SCR,1
12792,CHZ,SC,SCR,2
12792,JMKT,SC,SCR,2
12295,KMT,SC,SCR,2
12296,KMT,SC,SCR,1
12669,KMT,SC,SCR,2
12670,KMT,SC,SCR,1
16367,KMT,SC,SCR,2
16368,KMT,SC,SCR,1
22351,KMT,SC,SCR,1
22352,KMT,SC,SCR,2
22669,KMT,SC,SCR,2
22670,KMT,SC,SCR,1
07419,KZJ,SC,SCR,1
07420,KZJ,SC,SCR,1
12791,KZJ,SC,SCR,1
12792,KZJ,SC,SCR,1
22683,KZJ,SC,SCR,1
22684,KZJ,SC,SCR,2
11045,LTRR,SC,SCR,1
11046,LTRR,SC,SCR,3
12791,MCI,SC,SCR,1
12791,MCI,SC,SCR,2
12792,MCI,SC,SCR,2
12792,MCI,SC,SCR,3
22670,MCI,SC,SCR,2
07419,PDPL,SC,SCR,1
07420,PDPL,SC,SCR,1
12791,PDPL,SC,SCR,1
12791,PDPL,SC,SCR,2
12791,PDPL,SC,SCR,3
12792,PDPL,SC,SCR,2
12792,PDPL,SC,SCR,3
11045,PRLI,SC,SCR,3
11046,PRLI,SC,SCR,1
12295,RDM,SC,SCR,2
12296,RDM,SC,SCR,2
12577,RDM,SC,SCR,2
12791,RDM,SC,SCR,1
12791,RDM,SC,SCR,3
12792,RDM,SC,SCR,2
12792,RDM,SC,SCR,3
22351,RDM,SC,SCR,2
22352,RDM,SC,SCR,1
22536,RDM,SC,SCR,2
22669,RDM,SC,SCR,3
22670,RDM,SC,SCR,2
22683,RDM,SC,SCR,1
22684,RDM,SC,SCR,2
06904,SC,SC,SCR,4
12791,SC,SC,SCR,8
12792,SC,SC,SCR,6
12792,SC,SC,SCR,6A
12792,SC,SC,SCR,8
12295,SKZR,SC,SCR,1
12296,SKZR,SC,SCR,2
12669,SKZR,SC,SCR,1
12670,SKZR,SC,SCR,2
12791,SKZR,SC,SCR,1
12791,SKZR,SC,SCR,2
12792,SKZR,SC,SCR,2
12792,SKZR,SC,SCR,3
16367,SKZR,SC,SCR,1
16368,SKZR,SC,SCR,2
22351,SKZR,SC,SCR,2
22535,SKZR,SC,SCR,1
22536,SKZR,SC,SCR,2
22683,SKZR,SC,SCR,1
22684,SKZR,SC,SCR,2
12295,WL,SC,SCR,2
12296,WL,SC,SCR,1
12389,WL,SC,SCR,1
12390,WL,SC,SCR,3
12539,WL,SC,SCR,3
12540,WL,SC,SCR,1
12577,WL,SC,SCR,1
12578,WL,SC,SCR,2
12669,WL,SC,SCR,2
12670,WL,SC,SCR,1
16367,WL,SC,SCR,4
16368,WL,SC,SCR,1
22351,WL,SC,SCR,1
22352,WL,SC,SCR,3
22353,WL,SC,SCR,1
22354,WL,SC,SCR,3
22535,WL,SC,SCR,2
22536,WL,SC,SCR,1
22613,WL,SC,SCR,4
22614,WL,SC,SCR,1
22669,WL,SC,SCR,3
22670,WL,SC,SCR,1
18233,AAL,BSP,SECR,1
18234,AAL,BSP,SECR,4
18235,AAL,BSP,SECR,1
18236,AAL,BSP,SECR,4
18247,AAL,BSP,SECR,4
18248,AAL,BSP,SECR,1
18477,AAL,BSP,SECR,4
18478,AAL,BSP,SECR,2
68747,AAL,BSP,SECR,4
68748,AAL,BSP,SECR,1
18477,AKT,BSP,SECR,3
18478,AKT,BSP,SECR,4
20807,AKT,BSP,SECR,3
20808,AKT,BSP,SECR,4
18233,APR,BSP,SECR,1
18234,APR,BSP,SECR,4
18235,APR,BSP,SECR,1
18236,APR,BSP,SECR,4
18247,APR,BSP,SECR,4
18248,APR,BSP,SECR,1
18477,APR,BSP,SECR,4
18478,APR,BSP,SECR,1
20471,APR,BSP,SECR,1
20472,APR,BSP,SECR,4
20807,APR,BSP,SECR,4
20808,APR,BSP,SECR,1
20827,APR,BSP,SECR,1
20828,APR,BSP,SECR,4
20971,APR,BSP,SECR,1
20972,APR,BSP,SECR,4
22829,APR,BSP,SECR,1
22830,APR,BSP,SECR,4
22909,APR,BSP,SECR,1
22910,APR,BSP,SECR,4
68747,APR,BSP,SECR,4
68748,APR,BSP,SECR,1
68747,BDWA,BSP,SECR,1
68748,BDWA,BSP,SECR,3
18247,BHTK,BSP,SECR,1
18248,BHTK,BSP,SECR,2
68747,BHTK,BSP,SECR,1
68748,BHTK,BSP,SECR,2
18233,BIG,BSP,SECR,1
18234,BIG,BSP,SECR,2
18235,BIG,BSP,SECR,1
18236,BIG,BSP,SECR,2
18247,BIG,BSP,SECR,2
18248,BIG,BSP,SECR,1
18477,BIG,BSP,SECR,2
18478,BIG,BSP,SECR,1
68747,BIG,BSP,SECR,2
68748,BIG,BSP,SECR,1
18477,BPH,BSP,SECR,1
18478,BPH,BSP,SECR,3
20807,BPH,BSP,SECR,2
20808,BPH,BSP,SECR,2
18477,BRJN,BSP,SECR,1
18478,BRJN,BSP,SECR,3
20807,BRJN,BSP,SECR,1
20808,BRJN,BSP,SECR,3
18233,BRS,BSP,SECR,1
18234,BRS,BSP,SECR,2
18235,BRS,BSP,SECR,1
18236,BRS,BSP,SECR,3
18247,BRS,BSP,SECR,2
18248,BRS,BSP,SECR,1
18477,BRS,BSP,SECR,2
18478,BRS,BSP,SECR,1
68747,BRS,BSP,SECR,3
68748,BRS,BSP,SECR,1
18233,BSP,BSP,SECR,8
18234,BSP,BSP,SECR,8
18235,BSP,BSP,SECR,7
18236,BSP,BSP,SECR,8
18247,BSP,BSP,SECR,6
18248,BSP,BSP,SECR,6
18477,BSP,BSP,SECR,3
18478,BSP,BSP,SECR,1
20471,BSP,BSP,SECR,2
20472,BSP,BSP,SECR,3
20807,BSP,BSP,SECR,5
20808,BSP,BSP,SECR,1
20827,BSP,BSP,SECR,2
20828,BSP,BSP,SECR,4
20971,BSP,BSP,SECR,2
20972,BSP,BSP,SECR,4
22169,BSP,BSP,SECR,1
22170,BSP,BSP,SECR,4
22829,BSP,BSP,SECR,2
22830,BSP,BSP,SECR,4
22909,BSP,BSP,SECR,2
22910,BSP,BSP,SECR,3
68747,BSP,BSP,SECR,5
68748,BSP,BSP,SECR,6
18477,BUA,BSP,SECR,1
18478,BUA,BSP,SECR,2
18233,BUH,BSP,SECR,1
18234,BUH,BSP,SECR,2
18235,BUH,BSP,SECR,1
18236,BUH,BSP,SECR,2
18247,BUH,BSP,SECR,2
18248,BUH,BSP,SECR,1
18477,BUH,BSP,SECR,2
18478,BUH,BSP,SECR,1
20807,BUH,BSP,SECR,2
20808,BUH,BSP,SECR,1
68747,BUH,BSP,SECR,1
68748,BUH,BSP,SECR,1
18233,CHD,BSP,SECR,1
18234,CHD,BSP,SECR,2
18235,CHD,BSP,SECR,1
18236,CHD,BSP,SECR,2
18247,CHD,BSP,SECR,2
18248,CHD,BSP,SECR,1
18477,CHD,BSP,SECR,2
18478,CHD,BSP,SECR,1
68747,CHD,BSP,SECR,2
68748,CHD,BSP,SECR,1
18247,CHDX,BSP,SECR,1
18248,CHDX,BSP,SECR,2
68747,CHDX,BSP,SECR,1
68748,CHDX,BSP,SECR,2
68747,CLF,BSP,SECR,2
68748,CLF,BSP,SECR,1
18477,CPH,BSP,SECR,2
18478,CPH,BSP,SECR,1
20807,CPH,BSP,SECR,2
20808,CPH,BSP,SECR,1
20971,CPH,BSP,SECR,2
20972,CPH,BSP,SECR,3
22829,CPH,BSP,SECR,2
22830,CPH,BSP,SECR,3
22909,CPH,BSP,SECR,2
22910,CPH,BSP,SECR,3
68747,GGT,BSP,SECR,4A
68748,GGT,BSP,SECR,11
18233,GTK,BSP,SECR,1
18234,GTK,BSP,SECR,2
68747,GTK,BSP,SECR,2
68748,GTK,BSP,SECR,1
68747,HRB,BSP,SECR,5
68748,HRB,BSP,SECR,1
68747,JLW,BSP,SECR,3
68748,JLW,BSP,SECR,4
18233,JTI,BSP,SECR,1
18234,JTI,BSP,SECR,2
18235,JTI,BSP,SECR,1
18236,JTI,BSP,SECR,2
18247,JTI,BSP,SECR,2
18248,JTI,BSP,SECR,1
18477,JTI,BSP,SECR,2
18478,JTI,BSP,SECR,1
68747,JTI,BSP,SECR,2
68748,JTI,BSP,SECR,1
18233,KGB,BSP,SECR,2
18234,KGB,BSP,SECR,1
18235,KGB,BSP,SECR,2
18236,KGB,BSP,SECR,3
18247,KGB,BSP,SECR,1
18248,KGB,BSP,SECR,2
18477,KGB,BSP,SECR,1
18478,KGB,BSP,SECR,2
68747,KGB,BSP,SECR,1
68748,KGB,BSP,SECR,2
18233,KGS,BSP,SECR,2
18234,KGS,BSP,SECR,1
18235,KGS,BSP,SECR,2
18236,KGS,BSP,SECR,1
18247,KGS,BSP,SECR,1
18248,KGS,BSP,SECR,2
68747,KGS,BSP,SECR,1
68748,KGS,BSP,SECR,2
18477,KHS,BSP,SECR,1
18478,KHS,BSP,SECR,2
20807,KHS,BSP,SECR,1
20808,KHS,BSP,SECR,3
68747,KKI,BSP,SECR,3
68748,KKI,BSP,SECR,1
68747,KLTR,BSP,SECR,1
68748,KLTR,BSP,SECR,2
18235,KOI,BSP,SECR,3
18236,KOI,BSP,SECR,1
18247,KOI,BSP,SECR,1
18248,KOI,BSP,SECR,3
68747,KOI,BSP,SECR,1
68748,KOI,BSP,SECR,3
68747,LOA,BSP,SECR,1
68748,LOA,BSP,SECR,3
68747,MDXR,BSP,SECR,2
68748,MDXR,BSP,SECR,3
18477,NIA,BSP,SECR,2
18478,NIA,BSP,SECR,3
68747,NIQ,BSP,SECR,3
68748,NIQ,BSP,SECR,1
18233,NRZB,BSP,SECR,1
18234,NRZB,BSP,SECR,3
18235,NRZB,BSP,SECR,2
18236,NRZB,BSP,SECR,3
18477,NRZB,BSP,SECR,3
18478,NRZB,BSP,SECR,1
68747,NRZB,BSP,SECR,4
68748,NRZB,BSP,SECR,1
18233,PND,BSP,SECR,1
18234,PND,BSP,SECR,3
18235,PND,BSP,SECR,1
18236,PND,BSP,SECR,3
18247,PND,BSP,SECR,3
18248,PND,BSP,SECR,1
18477,PND,BSP,SECR,3
18478,PND,BSP,SECR,1
20471,PND,BSP,SECR,1
20472,PND,BSP,SECR,1
20807,PND,BSP,SECR,3
20808,PND,BSP,SECR,1
20971,PND,BSP,SECR,1
20972,PND,BSP,SECR,3
22829,PND,BSP,SECR,1
22830,PND,BSP,SECR,3
22909,PND,BSP,SECR,1
22910,PND,BSP,SECR,3
68747,PND,BSP,SECR,3
68748,PND,BSP,SECR,1
18477,RIG,BSP,SECR,2
18478,RIG,BSP,SECR,1
20471,RIG,BSP,SECR,2
20472,RIG,BSP,SECR,2
20807,RIG,BSP,SECR,2
20808,RIG,BSP,SECR,1
20827,RIG,BSP,SECR,1
20828,RIG,BSP,SECR,2
20971,RIG,BSP,SECR,1
20972,RIG,BSP,SECR,2
22169,RIG,BSP,SECR,1
22170,RIG,BSP,SECR,2
22829,RIG,BSP,SECR,1
22830,RIG,BSP,SECR,2
22909,RIG,BSP,SECR,1
22910,RIG,BSP,SECR,2
18235,RPD,BSP,SECR,1
18236,RPD,BSP,SECR,2
68747,RPD,BSP,SECR,2
68748,RPD,BSP,SECR,1
18247,SBRA,BSP,SECR,1
18248,SBRA,BSP,SECR,2
68747,SBRA,BSP,SECR,1
68748,SBRA,BSP,SECR,2
18233,SDL,BSP,SECR,1
18234,SDL,BSP,SECR,2
18235,SDL,BSP,SECR,1
18236,SDL,BSP,SECR,2
18247,SDL,BSP,SECR,2
18248,SDL,BSP,SECR,1
18477,SDL,BSP,SECR,2
18478,SDL,BSP,SECR,1
20471,SDL,BSP,SECR,1
20472,SDL,BSP,SECR,2
20807,SDL,BSP,SECR,2
20808,SDL,BSP,SECR,1
20827,SDL,BSP,SECR,1
20828,SDL,BSP,SECR,2
20971,SDL,BSP,SECR,1
20972,SDL,BSP,SECR,2
22169,SDL,BSP,SECR,1
22170,SDL,BSP,SECR,2
22829,SDL,BSP,SECR,1
22830,SDL,BSP,SECR,2
22909,SDL,BSP,SECR,1
22910,SDL,BSP,SECR,2
68747,SDL,BSP,SECR,3
68748,SDL,BSP,SECR,1
18477,SKT,BSP,SECR,2
18478,SKT,BSP,SECR,1
20807,SKT,BSP,SECR,2
20808,SKT,BSP,SECR,1
18247,SLKR,BSP,SECR,2
18248,SLKR,BSP,SECR,1
68747,SLKR,BSP,SECR,2
68748,SLKR,BSP,SECR,1
68747,SNGP,BSP,SECR,3
68748,SNGP,BSP,SECR,1
18247,TGQ,BSP,SECR,1
18248,TGQ,BSP,SECR,3
68747,TGQ,BSP,SECR,1
68748,TGQ,BSP,SECR,3
18233,UMR,BSP,SECR,1
18234,UMR,BSP,SECR,2
18235,UMR,BSP,SECR,1
18236,UMR,BSP,SECR,3
18247,UMR,BSP,SECR,2
18248,UMR,BSP,SECR,2
18477,UMR,BSP,SECR,2
18478,UMR,BSP,SECR,1
20807,UMR,BSP,SECR,2
20808,UMR,BSP,SECR,1
68747,UMR,BSP,SECR,3
68748,UMR,BSP,SECR,1
18233,USL,BSP,SECR,1
18234,USL,BSP,SECR,2
18235,USL,BSP,SECR,1
18236,USL,BSP,SECR,2
18247,USL,BSP,SECR,2
18248,USL,BSP,SECR,1
68747,USL,BSP,SECR,2
68748,USL,BSP,SECR,1
18235,VKR,BSP,SECR,1
18236,VKR,BSP,SECR,3
18247,VKR,BSP,SECR,3
18248,VKR,BSP,SECR,1
68747,VKR,BSP,SECR,3
68748,VKR,BSP,SECR,1
68747,VYK,BSP,SECR,2
68748,VYK,BSP,SECR,1
11753,BRD,NAG,SECR,2
11754,BRD,NAG,SECR,1
11753,BTC,NAG,SECR,2
11754,BTC,NAG,SECR,2
12389,BTC,NAG,SECR,2
12390,BTC,NAG,SECR,2
16367,BTC,NAG,SECR,2
16368,BTC,NAG,SECR,2
20152,BTC,NAG,SECR,1
12390,CAF,NAG,SECR,1
11755,CHUA,NAG,SECR,1
11756,CHUA,NAG,SECR,1
11755,CWA,NAG,SECR,2
11756,CWA,NAG,SECR,2
11753,G,NAG,SECR,6
11754,G,NAG,SECR,6
12389,G,NAG,SECR,1
12390,G,NAG,SECR,1
16367,G,NAG,SECR,1
16368,G,NAG,SECR,5
20151,G,NAG,SECR,5
20152,G,NAG,SECR,5
20152,G,NAG,SECR,6
11753,GNS,NAG,SECR,2
11754,GNS,NAG,SECR,1
11755,GNS,NAG,SECR,1
11756,GNS,NAG,SECR,2
11753,KP,NAG,SECR,1
11754,KP,NAG,SECR,2
11753,LTA,NAG,SECR,2
11754,LTA,NAG,SECR,2
12389,NAB,NAG,SECR,1
12390,NAB,NAG,SECR,1
11753,NIR,NAG,SECR,1
11754,NIR,NAG,SECR,1
11755,NIR,NAG,SECR,2
11756,NIR,NAG,SECR,2
12389,NIR,NAG,SECR,1
12390,NIR,NAG,SECR,2
16367,NIR,NAG,SECR,2
16368,NIR,NAG,SECR,1
20152,NIR,NAG,SECR,1
11753,NITR,NAG,SECR,6
11754,NITR,NAG,SECR,6
11755,NITR,NAG,SECR,6
11756,NITR,NAG,SECR,6
11755,SASR,NAG,SECR,1
11756,SASR,NAG,SECR,1
11755,SEY,NAG,SECR,2
11756,SEY,NAG,SECR,1
11755,SONR,NAG,SECR,1
11756,SONR,NAG,SECR,1
11753,TMR,NAG,SECR,1
11754,TMR,NAG,SECR,1
18609,BKSC,ADRA,SER,1
18610,BKSC,ADRA,SER,2
08611,CNI,ADRA,SER,3
08612,CNI,ADRA,SER,1
08612,PRR,ADRA,SER,1
18477,BMB,CKP,SER,1
18478,BMB,CKP,SER,2
18477,BZR,CKP,SER,4
18478,BZR,CKP,SER,3
18477,CKP,CKP,SER,1
18478,CKP,CKP,SER,2
20827,CKP,CKP,SER,2
20828,CKP,CKP,SER,1
20971,CKP,CKP,SER,2
20972,CKP,CKP,SER,1
22169,CKP,CKP,SER,2
22170,CKP,CKP,SER,1
22829,CKP,CKP,SER,2
22830,CKP,CKP,SER,1
18477,GOL,CKP,SER,2
18478,GOL,CKP,SER,1
18477,GP,CKP,SER,1
18478,GP,CKP,SER,2
18477,JSG,CKP,SER,2
18478,JSG,CKP,SER,2
20827,JSG,CKP,SER,2
20828,JSG,CKP,SER,1
20971,JSG,CKP,SER,2
20972,JSG,CKP,SER,1
22169,JSG,CKP,SER,2
22170,JSG,CKP,SER,1
22829,JSG,CKP,SER,2
22830,JSG,CKP,SER,1
18477,MOU,CKP,SER,1
18478,MOU,CKP,SER,2
18477,RKSN,CKP,SER,2
18478,RKSN,CKP,SER,3
18477,ROU,CKP,SER,1
18478,ROU,CKP,SER,4
20827,ROU,CKP,SER,4
20828,ROU,CKP,SER,3
20971,ROU,CKP,SER,4
20972,ROU,CKP,SER,3
22169,ROU,CKP,SER,4
22170,ROU,CKP,SER,3
22829,ROU,CKP,SER,4
22830,ROU,CKP,SER,3
18477,SINI,CKP,SER,2
18478,SINI,CKP,SER,3
08611,TATA,CKP,SER,3
08612,TATA,CKP,SER,5
18009,TATA,CKP,SER,3
18010,TATA,CKP,SER,4
18477,TATA,CKP,SER,3
18478,TATA,CKP,SER,4
20827,TATA,CKP,SER,4
20828,TATA,CKP,SER,3
20971,TATA,CKP,SER,4
20972,TATA,CKP,SER,3
22169,TATA,CKP,SER,4
22170,TATA,CKP,SER,3
22829,TATA,CKP,SER,4
22830,TATA,CKP,SER,3
18477,BLS,KGP,SER,3
18478,BLS,KGP,SER,2
18477,BTS,KGP,SER,1
18478,BTS,KGP,SER,3
18477,CKU,KGP,SER,2
18478,CKU,KGP,SER,3
18477,GTS,KGP,SER,2
18478,GTS,KGP,SER,3
18477,HIJ,KGP,SER,1
18478,HIJ,KGP,SER,2
18477,JER,KGP,SER,2
18478,JER,KGP,SER,3
08611,KGP,KGP,SER,3
08612,KGP,KGP,SER,7
18009,KGP,KGP,SER,3
18010,KGP,KGP,SER,6
20827,KGP,KGP,SER,7
20828,KGP,KGP,SER,4
20971,KGP,KGP,SER,6
20972,KGP,KGP,SER,3
22169,KGP,KGP,SER,7
22170,KGP,KGP,SER,4
22829,KGP,KGP,SER,6
22830,KGP,KGP,SER,3
20971,SHM,KGP,SER,3
20972,SHM,KGP,SER,3
22829,SHM,KGP,SER,3
22830,SHM,KGP,SER,3
18477,SORO,KGP,SER,2
18478,SORO,KGP,SER,3
01150,SRC,KGP,SER,3
08611,SRC,KGP,SER,3
08612,SRC,KGP,SER,5
18009,SRC,KGP,SER,4
18010,SRC,KGP,SER,2
20827,SRC,KGP,SER,2
20828,SRC,KGP,SER,4
20971,SRC,KGP,SER,1
20972,SRC,KGP,SER,1
22169,SRC,KGP,SER,2
22170,SRC,KGP,SER,4
22829,SRC,KGP,SER,1
22830,SRC,KGP,SER,1
08611,LAD,RNC,SER,1
08612,LAD,RNC,SER,1
09620,LAD,RNC,SER,2
08611,MURI,RNC,SER,3
08612,MURI,RNC,SER,3
18009,MURI,RNC,SER,1
18010,MURI,RNC,SER,1
18609,MURI,RNC,SER,1
18610,MURI,RNC,SER,2
08611,RNC,RNC,SER,2
08612,RNC,RNC,SER,2
09620,RNC,RNC,SER,4
18609,RNC,RNC,SER,1
18610,RNC,RNC,SER,2
06509,AJJ,MAS,SR,2
06510,AJJ,MAS,SR,1
12295,AJJ,MAS,SR,2
12296,AJJ,MAS,SR,1
12539,AJJ,MAS,SR,2
12577,AJJ,MAS,SR,1
12578,AJJ,MAS,SR,2
16367,AJJ,MAS,SR,2
16368,AJJ,MAS,SR,1
16601,AJJ,MAS,SR,2
16602,AJJ,MAS,SR,1
22351,AJJ,MAS,SR,1
22352,AJJ,MAS,SR,2
22354,AJJ,MAS,SR,2
16367,CGL,MAS,SR,2
16368,CGL,MAS,SR,3
22535,CGL,MAS,SR,4
22535,CGL,MAS,SR,6
22536,CGL,MAS,SR,6
16367,CJ,MAS,SR,1
16368,CJ,MAS,SR,1
03241,JTJ,MAS,SR,1
03242,JTJ,MAS,SR,3
03245,JTJ,MAS,SR,1
03246,JTJ,MAS,SR,5
03247,JTJ,MAS,SR,2
03248,JTJ,MAS,SR,4
03251,JTJ,MAS,SR,3
03252,JTJ,MAS,SR,3
03259,JTJ,MAS,SR,3
03260,JTJ,MAS,SR,3
03679,JTJ,MAS,SR,1
03680,JTJ,MAS,SR,2
04131,JTJ,MAS,SR,1
04132,JTJ,MAS,SR,4
06509,JTJ,MAS,SR,4
06510,JTJ,MAS,SR,3
12295,JTJ,MAS,SR,4
12296,JTJ,MAS,SR,4
12539,JTJ,MAS,SR,4
12540,JTJ,MAS,SR,4
12577,JTJ,MAS,SR,1
12577,JTJ,MAS,SR,4
12578,JTJ,MAS,SR,4
16601,JTJ,MAS,SR,2
16602,JTJ,MAS,SR,1
22351,JTJ,MAS,SR,4
22352,JTJ,MAS,SR,4
22353,JTJ,MAS,SR,2
22354,JTJ,MAS,SR,4
22669,JTJ,MAS,SR,1
22670,JTJ,MAS,SR,1
03241,KPD,MAS,SR,1
03242,KPD,MAS,SR,2
03245,KPD,MAS,SR,1
03246,KPD,MAS,SR,2
03247,KPD,MAS,SR,1
03248,KPD,MAS,SR,2
03251,KPD,MAS,SR,2
03252,KPD,MAS,SR,2
03259,KPD,MAS,SR,2
03260,KPD,MAS,SR,2
03679,KPD,MAS,SR,1
03680,KPD,MAS,SR,2
04131,KPD,MAS,SR,1
04132,KPD,MAS,SR,2
06509,KPD,MAS,SR,2
06510,KPD,MAS,SR,1
12295,KPD,MAS,SR,2
12296,KPD,MAS,SR,1
12539,KPD,MAS,SR,2
12540,KPD,MAS,SR,1
12577,KPD,MAS,SR,1
12578,KPD,MAS,SR,2
16601,KPD,MAS,SR,2
16602,KPD,MAS,SR,1
22351,KPD,MAS,SR,1
22352,KPD,MAS,SR,2
22352,KPD,MAS,SR,3
22353,KPD,MAS,SR,1
22354,KPD,MAS,SR,2
22669,KPD,MAS,SR,4
22670,KPD,MAS,SR,1
12389,MAS,MAS,SR,6
12390,MAS,MAS,SR,4
12669,MAS,MAS,SR,9
12670,MAS,MAS,SR,3
22535,MS,MAS,SR,5
22536,MS,MAS,SR,5
22613,MS,MAS,SR,6
22614,MS,MAS,SR,6
16602,NYP,MAS,SR,2
03241,PER,MAS,SR,2
03242,PER,MAS,SR,1
03245,PER,MAS,SR,2
03246,PER,MAS,SR,1
03247,PER,MAS,SR,2
03248,PER,MAS,SR,1
03251,PER,MAS,SR,2
03252,PER,MAS,SR,1
03259,PER,MAS,SR,2
03260,PER,MAS,SR,1
06509,PER,MAS,SR,1
06510,PER,MAS,SR,2
12295,PER,MAS,SR,1
12296,PER,MAS,SR,2
12539,PER,MAS,SR,1
12540,PER,MAS,SR,2
12577,PER,MAS,SR,2
12578,PER,MAS,SR,1
16367,PER,MAS,SR,1
16368,PER,MAS,SR,2
16601,PER,MAS,SR,1
16602,PER,MAS,SR,2
22351,PER,MAS,SR,2
22352,PER,MAS,SR,1
22353,PER,MAS,SR,2
22354,PER,MAS,SR,1
22669,PER,MAS,SR,1
22670,PER,MAS,SR,2
03679,TRT,MAS,SR,3
03680,TRT,MAS,SR,1
16367,DG,MDU,SR,3
16368,DG,MDU,SR,4
22535,KKDI,MDU,SR,3
22536,KKDI,MDU,SR,3
22613,KKDI,MDU,SR,3
22614,KKDI,MDU,SR,4
16367,MDU,MDU,SR,3
16368,MDU,MDU,SR,2
22535,MNM,MDU,SR,3
22536,MNM,MDU,SR,1
22613,MNM,MDU,SR,3
22614,MNM,MDU,SR,2
22535,PDKT,MDU,SR,2
22536,PDKT,MDU,SR,1
22535,PMK,MDU,SR,1
22536,PMK,MDU,SR,1
22535,RMD,MDU,SR,1
22536,RMD,MDU,SR,1
22613,RMD,MDU,SR,2
22614,RMD,MDU,SR,2
22535,RMM,MDU,SR,4
22536,RMM,MDU,SR,4
22613,RMM,MDU,SR,4
22614,RMM,MDU,SR,4
22536,SVGA,MDU,SR,2
16367,TEN,MDU,SR,2
16368,TEN,MDU,SR,2
16367,VPT,MDU,SR,2
16368,VPT,MDU,SR,3
22669,PGT,PGT,SR,5
22670,PGT,PGT,SR,1
03679,CBE,SA,SR,1
03680,CBE,SA,SR,3
22669,CBE,SA,SR,3
22670,CBE,SA,SR,1
03679,ED,SA,SR,2
03680,ED,SA,SR,1
16601,ED,SA,SR,4
16602,ED,SA,SR,4
22669,ED,SA,SR,1
22670,ED,SA,SR,2
03679,SA,SA,SR,4
03680,SA,SA,SR,5
16601,SA,SA,SR,5
16602,SA,SA,SR,4
22669,SA,SA,SR,5
22670,SA,SA,SR,4
03679,TUP,SA,SR,1
03680,TUP,SA,SR,2
22669,TUP,SA,SR,2
22670,TUP,SA,SR,1
16367,CDM,TPJ,SR,1
16368,CDM,TPJ,SR,1
22535,CDM,TPJ,SR,2
22536,CDM,TPJ,SR,2
16367,CUPJ,TPJ,SR,1
16368,CUPJ,TPJ,SR,1
22535,CUPJ,TPJ,SR,1
22536,CUPJ,TPJ,SR,3
16367,KMU,TPJ,SR,2
16368,KMU,TPJ,SR,2
22535,KMU,TPJ,SR,1
22536,KMU,TPJ,SR,1
22613,KMU,TPJ,SR,1
22614,KMU,TPJ,SR,1
16367,MV,TPJ,SR,1
16368,MV,TPJ,SR,1
22535,MV,TPJ,SR,4
22536,MV,TPJ,SR,5
22613,MV,TPJ,SR,1
22614,MV,TPJ,SR,2
16367,SY,TPJ,SR,1
16368,SY,TPJ,SR,1
22535,SY,TPJ,SR,1
22536,SY,TPJ,SR,1
22613,TDPR,TPJ,SR,1
22614,TDPR,TPJ,SR,1
16367,TJ,TPJ,SR,4
16368,TJ,TPJ,SR,1
22535,TJ,TPJ,SR,4
22536,TJ,TPJ,SR,3
22613,TJ,TPJ,SR,5
22614,TJ,TPJ,SR,1
16367,TPJ,TPJ,SR,1
16368,TPJ,TPJ,SR,3
22535,TPJ,TPJ,SR,5
22536,TPJ,TPJ,SR,6
22613,TPJ,TPJ,SR,4
22614,TPJ,TPJ,SR,5
16367,VM,TPJ,SR,1
16368,VM,TPJ,SR,5
22535,VM,TPJ,SR,4
22536,VM,TPJ,SR,2
22613,VM,TPJ,SR,4
22614,VM,TPJ,SR,1
22669,AWY,TVC,SR,3
22670,AWY,TVC,SR,1
22669,TCR,TVC,SR,2
22670,TCR,TVC,SR,1
22687,ASK,MYS,SWR,2
22688,ASK,MYS,SWR,1
22687,CTA,MYS,SWR,1
22688,CTA,MYS,SWR,1
22687,DRU,MYS,SWR,1
22688,DRU,MYS,SWR,1
12577,MYS,MYS,SWR,5
12578,MYS,MYS,SWR,5
22687,MYS,MYS,SWR,6
22688,MYS,MYS,SWR,5
12577,BNC,SBC,SWR,1
12578,BNC,SBC,SWR,2
03251,BWT,SBC,SWR,3
03252,BWT,SBC,SWR,4
03259,BWT,SBC,SWR,3
03260,BWT,SBC,SWR,4
12295,BWT,SBC,SWR,4
12296,BWT,SBC,SWR,3
12539,BWT,SBC,SWR,4
12540,BWT,SBC,SWR,3
22683,HUP,SBC,SWR,2
22684,HUP,SBC,SWR,3
12577,KGI,SBC,SWR,3
12578,KGI,SBC,SWR,2
22687,KGI,SBC,SWR,2
22688,KGI,SBC,SWR,3
06509,KJM,SBC,SWR,2
12295,KJM,SBC,SWR,2
12296,KJM,SBC,SWR,4
22351,KJM,SBC,SWR,4
22352,KJM,SBC,SWR,2
22353,KJM,SBC,SWR,4
22354,KJM,SBC,SWR,2
12295,KPN,SBC,SWR,1
12296,KPN,SBC,SWR,2
12577,MYA,SBC,SWR,2
12578,MYA,SBC,SWR,3
22687,MYA,SBC,SWR,3
22688,MYA,SBC,SWR,2
06509,SBC,SBC,SWR,2
06510,SBC,SBC,SWR,3
12577,SBC,SBC,SWR,5
12578,SBC,SBC,SWR,5
22687,SBC,SBC,SWR,9
22688,SBC,SBC,SWR,9
03251,SMVB,SBC,SWR,4
03252,SMVB,SBC,SWR,4
03259,SMVB,SBC,SWR,4
03260,SMVB,SBC,SWR,4
12295,SMVB,SBC,SWR,1
12296,SMVB,SBC,SWR,2
22351,SMVB,SBC,SWR,4
22352,SMVB,SBC,SWR,6
22353,SMVB,SBC,SWR,4
22354,SMVB,SBC,SWR,6
22687,TK,SBC,SWR,4
22688,TK,SBC,SWR,3
03242,WFD,SBC,SWR,2
03248,WFD,SBC,SWR,2
22683,YNK,SBC,SWR,2
22684,YNK,SBC,SWR,3
12539,YPR,SBC,SWR,1
12540,YPR,SBC,SWR,5
22683,YPR,SBC,SWR,3
22684,YPR,SBC,SWR,4
22687,YPR,SBC,SWR,3
22688,YPR,SBC,SWR,3
22687,BAY,UBL,SWR,2
22688,BAY,UBL,SWR,1
17323,BDM,UBL,SWR,1
17324,BDM,UBL,SWR,1
17323,BGK,UBL,SWR,2
17324,BGK,UBL,SWR,2
17323,BJP,UBL,SWR,2
17324,BJP,UBL,SWR,3
17323,GDG,UBL,SWR,1
17324,GDG,UBL,SWR,4
17323,LMT,UBL,SWR,3
17324,LMT,UBL,SWR,1
17323,UBL,UBL,SWR,3
17324,UBL,UBL,SWR,3
12741,VSG,UBL,SWR,1A
12742,VSG,UBL,SWR,2
08611,ASKN,BPL,WCR,1
08612,ASKN,BPL,WCR,3
18009,ASKN,BPL,WCR,1
18010,ASKN,BPL,WCR,2
19607,ASKN,BPL,WCR,1
19608,ASKN,BPL,WCR,2
20471,ASKN,BPL,WCR,2
20472,ASKN,BPL,WCR,1
20971,ASKN,BPL,WCR,2
20972,ASKN,BPL,WCR,1
11071,BAQ,BPL,WCR,1
11072,BAQ,BPL,WCR,3
11271,BAQ,BPL,WCR,3
11272,BAQ,BPL,WCR,1
11465,BAQ,BPL,WCR,1
11466,BAQ,BPL,WCR,3
12185,BAQ,BPL,WCR,1
12186,BAQ,BPL,WCR,3
15559,BAQ,BPL,WCR,3
15560,BAQ,BPL,WCR,1
18235,BAQ,BPL,WCR,1
18236,BAQ,BPL,WCR,4
22165,BAQ,BPL,WCR,1
22166,BAQ,BPL,WCR,3
22911,BAQ,BPL,WCR,1
22912,BAQ,BPL,WCR,3
02191,BHS,BPL,WCR,1
02192,BHS,BPL,WCR,3
11071,BHS,BPL,WCR,1
11072,BHS,BPL,WCR,3
11271,BHS,BPL,WCR,3
11272,BHS,BPL,WCR,1
11465,BHS,BPL,WCR,1
11466,BHS,BPL,WCR,3
11703,BHS,BPL,WCR,3
11704,BHS,BPL,WCR,2
12185,BHS,BPL,WCR,1
12186,BHS,BPL,WCR,3
13025,BHS,BPL,WCR,3
13026,BHS,BPL,WCR,1
15559,BHS,BPL,WCR,3
15560,BHS,BPL,WCR,1
18235,BHS,BPL,WCR,1
18236,BHS,BPL,WCR,3
19091,BHS,BPL,WCR,1
19092,BHS,BPL,WCR,3
19421,BHS,BPL,WCR,2
19422,BHS,BPL,WCR,3
19489,BHS,BPL,WCR,2
19490,BHS,BPL,WCR,3
22165,BHS,BPL,WCR,1
22166,BHS,BPL,WCR,3
22169,BHS,BPL,WCR,1
22170,BHS,BPL,WCR,3
22829,BHS,BPL,WCR,1
22830,BHS,BPL,WCR,3
22911,BHS,BPL,WCR,1
22912,BHS,BPL,WCR,3
02191,BINA,BPL,WCR,1
02192,BINA,BPL,WCR,1
05115,BINA,BPL,WCR,1
05116,BINA,BPL,WCR,1
05561,BINA,BPL,WCR,1
05562,BINA,BPL,WCR,1
11071,BINA,BPL,WCR,2
11072,BINA,BPL,WCR,1
11271,BINA,BPL,WCR,2
11272,BINA,BPL,WCR,1
11465,BINA,BPL,WCR,1
11466,BINA,BPL,WCR,2
11601,BINA,BPL,WCR,2
11602,BINA,BPL,WCR,2
11703,BINA,BPL,WCR,1
11704,BINA,BPL,WCR,1
12185,BINA,BPL,WCR,1
12186,BINA,BPL,WCR,1
13025,BINA,BPL,WCR,1
13026,BINA,BPL,WCR,1
15559,BINA,BPL,WCR,1
15560,BINA,BPL,WCR,1
18235,BINA,BPL,WCR,1
18236,BINA,BPL,WCR,1
19091,BINA,BPL,WCR,1
19092,BINA,BPL,WCR,1
19413,BINA,BPL,WCR,1
19414,BINA,BPL,WCR,1
19421,BINA,BPL,WCR,1
19422,BINA,BPL,WCR,1
19489,BINA,BPL,WCR,1
19490,BINA,BPL,WCR,1
22165,BINA,BPL,WCR,2
22166,BINA,BPL,WCR,1
22169,BINA,BPL,WCR,1
22170,BINA,BPL,WCR,1
22829,BINA,BPL,WCR,1
22830,BINA,BPL,WCR,1
22911,BINA,BPL,WCR,4
22912,BINA,BPL,WCR,1
61619,BINA,BPL,WCR,2
61620,BINA,BPL,WCR,3
13201,BPF,BPL,WCR,1
13202,BPF,BPL,WCR,2
15017,BPF,BPL,WCR,2
15018,BPF,BPL,WCR,1
01703,BPL,BPL,WCR,5
01704,BPL,BPL,WCR,4
11071,BPL,BPL,WCR,3
11072,BPL,BPL,WCR,1
11271,BPL,BPL,WCR,5
11272,BPL,BPL,WCR,6
11465,BPL,BPL,WCR,4
11466,BPL,BPL,WCR,4
12185,BPL,BPL,WCR,3
12186,BPL,BPL,WCR,1
13025,BPL,BPL,WCR,5
13026,BPL,BPL,WCR,5
18233,BPL,BPL,WCR,4
18234,BPL,BPL,WCR,4
18235,BPL,BPL,WCR,5
18236,BPL,BPL,WCR,5
22145,BPL,BPL,WCR,4
22146,BPL,BPL,WCR,5
22165,BPL,BPL,WCR,6
22166,BPL,BPL,WCR,5
22909,BPL,BPL,WCR,4
22910,BPL,BPL,WCR,4
11071,CAER,BPL,WCR,1
11072,CAER,BPL,WCR,2
13201,CAER,BPL,WCR,3
13202,CAER,BPL,WCR,1
15017,CAER,BPL,WCR,1
15018,CAER,BPL,WCR,3
01053,ET,BPL,WCR,5
01054,ET,BPL,WCR,7
01143,ET,BPL,WCR,6
01144,ET,BPL,WCR,6
01665,ET,BPL,WCR,2
01666,ET,BPL,WCR,2
01667,ET,BPL,WCR,5
01668,ET,BPL,WCR,3
01703,ET,BPL,WCR,2
01704,ET,BPL,WCR,3
02187,ET,BPL,WCR,7
02188,ET,BPL,WCR,5
03213,ET,BPL,WCR,7
03214,ET,BPL,WCR,6
03241,ET,BPL,WCR,6
03242,ET,BPL,WCR,4
03247,ET,BPL,WCR,6
03248,ET,BPL,WCR,4
03251,ET,BPL,WCR,7
03252,ET,BPL,WCR,3
03259,ET,BPL,WCR,7
03260,ET,BPL,WCR,3
03417,ET,BPL,WCR,6
03418,ET,BPL,WCR,5
03679,ET,BPL,WCR,6
03680,ET,BPL,WCR,6
04115,ET,BPL,WCR,7
04116,ET,BPL,WCR,4
04131,ET,BPL,WCR,6
04132,ET,BPL,WCR,6
04151,ET,BPL,WCR,4
04152,ET,BPL,WCR,5
05289,ET,BPL,WCR,5
05289,ET,BPL,WCR,7
05290,ET,BPL,WCR,5
05290,ET,BPL,WCR,6
05293,ET,BPL,WCR,4
05294,ET,BPL,WCR,6
05557,ET,BPL,WCR,7
05558,ET,BPL,WCR,5
05585,ET,BPL,WCR,7
05586,ET,BPL,WCR,4
06509,ET,BPL,WCR,5
06510,ET,BPL,WCR,6
06563,ET,BPL,WCR,5
06564,ET,BPL,WCR,7
07007,ET,BPL,WCR,6
07008,ET,BPL,WCR,7
07021,ET,BPL,WCR,5
07021,ET,BPL,WCR,6
07022,ET,BPL,WCR,6
07022,ET,BPL,WCR,7
07419,ET,BPL,WCR,4
07420,ET,BPL,WCR,7
07651,ET,BPL,WCR,6
07652,ET,BPL,WCR,7
09029,ET,BPL,WCR,6
09030,ET,BPL,WCR,7
09033,ET,BPL,WCR,5
09034,ET,BPL,WCR,5
09065,ET,BPL,WCR,6
09066,ET,BPL,WCR,6
11015,ET,BPL,WCR,4
11016,ET,BPL,WCR,3
11016,ET,BPL,WCR,4
11033,ET,BPL,WCR,5
11034,ET,BPL,WCR,5
11037,ET,BPL,WCR,5
11038,ET,BPL,WCR,7
11045,ET,BPL,WCR,6
11046,ET,BPL,WCR,5
11055,ET,BPL,WCR,6
11056,ET,BPL,WCR,7
11059,ET,BPL,WCR,6
11060,ET,BPL,WCR,7
11061,ET,BPL,WCR,4
11062,ET,BPL,WCR,6
11071,ET,BPL,WCR,1
11072,ET,BPL,WCR,2
11271,ET,BPL,WCR,6
11272,ET,BPL,WCR,7
11273,ET,BPL,WCR,6
11274,ET,BPL,WCR,6
11427,ET,BPL,WCR,6
11428,ET,BPL,WCR,7
12141,ET,BPL,WCR,5
12142,ET,BPL,WCR,6
12149,ET,BPL,WCR,4
12150,ET,BPL,WCR,5
12165,ET,BPL,WCR,6
12166,ET,BPL,WCR,6
12167,ET,BPL,WCR,4
12168,ET,BPL,WCR,6
12293,ET,BPL,WCR,5
12294,ET,BPL,WCR,7
12295,ET,BPL,WCR,6
12296,ET,BPL,WCR,7
12321,ET,BPL,WCR,7
12322,ET,BPL,WCR,4
12335,ET,BPL,WCR,7
12336,ET,BPL,WCR,6
12361,ET,BPL,WCR,5
12362,ET,BPL,WCR,4
12519,ET,BPL,WCR,6
12520,ET,BPL,WCR,5
12539,ET,BPL,WCR,6
12540,ET,BPL,WCR,6
12545,ET,BPL,WCR,5
12546,ET,BPL,WCR,5
12577,ET,BPL,WCR,5
12578,ET,BPL,WCR,6
12669,ET,BPL,WCR,5
12670,ET,BPL,WCR,7
12741,ET,BPL,WCR,5
12742,ET,BPL,WCR,7
12791,ET,BPL,WCR,6
12792,ET,BPL,WCR,7
13201,ET,BPL,WCR,7
13202,ET,BPL,WCR,5
15017,ET,BPL,WCR,5
15018,ET,BPL,WCR,6
15181,ET,BPL,WCR,4
15182,ET,BPL,WCR,4
15647,ET,BPL,WCR,5
15648,ET,BPL,WCR,7
15945,ET,BPL,WCR,5
15946,ET,BPL,WCR,7
16601,ET,BPL,WCR,6
16602,ET,BPL,WCR,7
17323,ET,BPL,WCR,5
17324,ET,BPL,WCR,6
17609,ET,BPL,WCR,5
17610,ET,BPL,WCR,5
18233,ET,BPL,WCR,3
18234,ET,BPL,WCR,4
18609,ET,BPL,WCR,5
18610,ET,BPL,WCR,5
19045,ET,BPL,WCR,6
19046,ET,BPL,WCR,6
19051,ET,BPL,WCR,6
19052,ET,BPL,WCR,7
20173,ET,BPL,WCR,4
20174,ET,BPL,WCR,4
20903,ET,BPL,WCR,6
20904,ET,BPL,WCR,7
20905,ET,BPL,WCR,6
20906,ET,BPL,WCR,6
20929,ET,BPL,WCR,5
20930,ET,BPL,WCR,7
20933,ET,BPL,WCR,5
20934,ET,BPL,WCR,7
22103,ET,BPL,WCR,5
22104,ET,BPL,WCR,4
22131,ET,BPL,WCR,5
22132,ET,BPL,WCR,5
22145,ET,BPL,WCR,3
22146,ET,BPL,WCR,5
22177,ET,BPL,WCR,3
22178,ET,BPL,WCR,6
22183,ET,BPL,WCR,6
22184,ET,BPL,WCR,6
22311,ET,BPL,WCR,7
22312,ET,BPL,WCR,5
22351,ET,BPL,WCR,5
22352,ET,BPL,WCR,6
22353,ET,BPL,WCR,5
22354,ET,BPL,WCR,6
22359,ET,BPL,WCR,7
22360,ET,BPL,WCR,4
22535,ET,BPL,WCR,6
22536,ET,BPL,WCR,6
22553,ET,BPL,WCR,5
22554,ET,BPL,WCR,6
22563,ET,BPL,WCR,5
22564,ET,BPL,WCR,5
22613,ET,BPL,WCR,6
22614,ET,BPL,WCR,6
22669,ET,BPL,WCR,6
22670,ET,BPL,WCR,7
22683,ET,BPL,WCR,5
22684,ET,BPL,WCR,7
22687,ET,BPL,WCR,5
22688,ET,BPL,WCR,6
22909,ET,BPL,WCR,2
22910,ET,BPL,WCR,3
22913,ET,BPL,WCR,5
22914,ET,BPL,WCR,6
22937,ET,BPL,WCR,6
22938,ET,BPL,WCR,6
22947,ET,BPL,WCR,6
22948,ET,BPL,WCR,6
22967,ET,BPL,WCR,5
22968,ET,BPL,WCR,6
22971,ET,BPL,WCR,6
22972,ET,BPL,WCR,6
11271,GLG,BPL,WCR,4
11272,GLG,BPL,WCR,1
18235,GLG,BPL,WCR,1
18236,GLG,BPL,WCR,2
08611,GUNA,BPL,WCR,3
08612,GUNA,BPL,WCR,1
09619,GUNA,BPL,WCR,1
09620,GUNA,BPL,WCR,1
18009,GUNA,BPL,WCR,3
18010,GUNA,BPL,WCR,2
19607,GUNA,BPL,WCR,3
19608,GUNA,BPL,WCR,2
20471,GUNA,BPL,WCR,1
20472,GUNA,BPL,WCR,3
20971,GUNA,BPL,WCR,2
20972,GUNA,BPL,WCR,3
02187,HD,BPL,WCR,3
02188,HD,BPL,WCR,2
07651,HD,BPL,WCR,2
07652,HD,BPL,WCR,3
11071,HD,BPL,WCR,1
11072,HD,BPL,WCR,3
12321,HD,BPL,WCR,3
12322,HD,BPL,WCR,2
12335,HD,BPL,WCR,3
12336,HD,BPL,WCR,2
13201,HD,BPL,WCR,3
13202,HD,BPL,WCR,2
15017,HD,BPL,WCR,2
15018,HD,BPL,WCR,3
15181,HD,BPL,WCR,3
15182,HD,BPL,WCR,2
15647,HD,BPL,WCR,2
15648,HD,BPL,WCR,3
15945,HD,BPL,WCR,2
15946,HD,BPL,WCR,3
19045,HD,BPL,WCR,2
19046,HD,BPL,WCR,3
22131,HD,BPL,WCR,2
22132,HD,BPL,WCR,3
22311,HD,BPL,WCR,3
22312,HD,BPL,WCR,3
22564,HD,BPL,WCR,2
22947,HD,BPL,WCR,2
22948,HD,BPL,WCR,3
18235,KAH,BPL,WCR,4
18236,KAH,BPL,WCR,1
11071,KKN,BPL,WCR,1
11072,KKN,BPL,WCR,2
12149,KKN,BPL,WCR,1
12150,KKN,BPL,WCR,2
13201,KKN,BPL,WCR,2
13202,KKN,BPL,WCR,1
15017,KKN,BPL,WCR,1
15018,KKN,BPL,WCR,2
11271,MABA,BPL,WCR,3
11272,MABA,BPL,WCR,1
11465,MABA,BPL,WCR,1
11466,MABA,BPL,WCR,4
11703,MABA,BPL,WCR,4
11704,MABA,BPL,WCR,1
12185,MABA,BPL,WCR,1
12186,MABA,BPL,WCR,4
18235,MABA,BPL,WCR,1
18236,MABA,BPL,WCR,3
18233,MDDP,BPL,WCR,3
18234,MDDP,BPL,WCR,1
18009,MNV,BPL,WCR,1
18010,MNV,BPL,WCR,2
19607,MNV,BPL,WCR,1
19608,MNV,BPL,WCR,2
20471,MNV,BPL,WCR,2
20472,MNV,BPL,WCR,1
20971,MNV,BPL,WCR,2
20972,MNV,BPL,WCR,1
01665,NDPM,BPL,WCR,2
01666,NDPM,BPL,WCR,1
01703,NDPM,BPL,WCR,2
11071,NDPM,BPL,WCR,1
11072,NDPM,BPL,WCR,2
18233,NDPM,BPL,WCR,2
18234,NDPM,BPL,WCR,1
20173,NDPM,BPL,WCR,2
20174,NDPM,BPL,WCR,1
22145,NDPM,BPL,WCR,2
22146,NDPM,BPL,WCR,2
01665,RKMP,BPL,WCR,5
01666,RKMP,BPL,WCR,2
01667,RKMP,BPL,WCR,2
01668,RKMP,BPL,WCR,2
01703,RKMP,BPL,WCR,4
01704,RKMP,BPL,WCR,3
02191,RKMP,BPL,WCR,2
02192,RKMP,BPL,WCR,2
11071,RKMP,BPL,WCR,3
11072,RKMP,BPL,WCR,4
12185,RKMP,BPL,WCR,5
12186,RKMP,BPL,WCR,5
18233,RKMP,BPL,WCR,4
18234,RKMP,BPL,WCR,1
20173,RKMP,BPL,WCR,2
20174,RKMP,BPL,WCR,2
22145,RKMP,BPL,WCR,4
22146,RKMP,BPL,WCR,3
22169,RKMP,BPL,WCR,5
22170,RKMP,BPL,WCR,5
08611,RTA,BPL,WCR,1
08612,RTA,BPL,WCR,2
09619,RTA,BPL,WCR,3
09620,RTA,BPL,WCR,2
11271,SCI,BPL,WCR,1
11272,SCI,BPL,WCR,2
18235,SCI,BPL,WCR,2
18236,SCI,BPL,WCR,1
01704,SHRN,BPL,WCR,1
05115,SHRN,BPL,WCR,2
05116,SHRN,BPL,WCR,1
05561,SHRN,BPL,WCR,2
05562,SHRN,BPL,WCR,1
11465,SHRN,BPL,WCR,2
11466,SHRN,BPL,WCR,1
11703,SHRN,BPL,WCR,1
11704,SHRN,BPL,WCR,2
15559,SHRN,BPL,WCR,2
15560,SHRN,BPL,WCR,2
18233,SHRN,BPL,WCR,2
18234,SHRN,BPL,WCR,1
19091,SHRN,BPL,WCR,2
19092,SHRN,BPL,WCR,1
19413,SHRN,BPL,WCR,2
19414,SHRN,BPL,WCR,1
19421,SHRN,BPL,WCR,2
19422,SHRN,BPL,WCR,1
19489,SHRN,BPL,WCR,2
19490,SHRN,BPL,WCR,1
22829,SHRN,BPL,WCR,2
22830,SHRN,BPL,WCR,1
22911,SHRN,BPL,WCR,2
22912,SHRN,BPL,WCR,1
18235,SMT,BPL,WCR,4
18236,SMT,BPL,WCR,1
13201,TBN,BPL,WCR,1
13202,TBN,BPL,WCR,2
15017,TBN,BPL,WCR,2
15018,TBN,BPL,WCR,1
13201,TLV,BPL,WCR,2
13202,TLV,BPL,WCR,1
15017,TLV,BPL,WCR,1
15018,TLV,BPL,WCR,2
11273,ADTL,JBP,WCR,2
11274,ADTL,JBP,WCR,1
11705,ADTL,JBP,WCR,2
11706,ADTL,JBP,WCR,1
11601,ANA,JBP,WCR,3
11602,ANA,JBP,WCR,3
18235,ANA,JBP,WCR,2
18236,ANA,JBP,WCR,1
61619,ANA,JBP,WCR,2
61620,ANA,JBP,WCR,3
08612,BEHR,JBP,WCR,1
09619,BEHR,JBP,WCR,1
09620,BEHR,JBP,WCR,2
11447,BEHR,JBP,WCR,1
11448,BEHR,JBP,WCR,2
11651,BEHR,JBP,WCR,1
11652,BEHR,JBP,WCR,2
13025,BEHR,JBP,WCR,2
13026,BEHR,JBP,WCR,1
19607,BEHR,JBP,WCR,2
19608,BEHR,JBP,WCR,1
22165,BEHR,JBP,WCR,1
22166,BEHR,JBP,WCR,2
22167,BEHR,JBP,WCR,2
22168,BEHR,JBP,WCR,1
11271,BELD,JBP,WCR,2
11272,BELD,JBP,WCR,2
11273,BELD,JBP,WCR,2
11274,BELD,JBP,WCR,2
11705,BGHI,JBP,WCR,2
11706,BGHI,JBP,WCR,1
11273,BGTA,JBP,WCR,1
11274,BGTA,JBP,WCR,2
11271,BHTN,JBP,WCR,2
11272,BHTN,JBP,WCR,1
11273,BHTN,JBP,WCR,2
11274,BHTN,JBP,WCR,1
18233,BHTN,JBP,WCR,2
18234,BHTN,JBP,WCR,1
11601,BJQ,JBP,WCR,2
11602,BJQ,JBP,WCR,1
61619,BJQ,JBP,WCR,2
61620,BJQ,JBP,WCR,1
11271,BKH,JBP,WCR,2
11272,BKH,JBP,WCR,1
11273,BKH,JBP,WCR,2
11274,BKH,JBP,WCR,1
13201,BKH,JBP,WCR,1
13202,BKH,JBP,WCR,2
11273,BMR,JBP,WCR,2
11274,BMR,JBP,WCR,1
11271,BNE,JBP,WCR,2
11272,BNE,JBP,WCR,1
11273,BNE,JBP,WCR,2
11274,BNE,JBP,WCR,1
11071,BNU,JBP,WCR,2
11072,BNU,JBP,WCR,1
11271,BNU,JBP,WCR,1
11272,BNU,JBP,WCR,2
11601,BNU,JBP,WCR,2
11602,BNU,JBP,WCR,1
11703,BNU,JBP,WCR,1
11704,BNU,JBP,WCR,2
18235,BNU,JBP,WCR,2
18236,BNU,JBP,WCR,1
61619,BNU,JBP,WCR,2
61620,BNU,JBP,WCR,1
11601,BQQ,JBP,WCR,1
11602,BQQ,JBP,WCR,1
18235,BQQ,JBP,WCR,1
18236,BQQ,JBP,WCR,2
61619,BQQ,JBP,WCR,1
61620,BQQ,JBP,WCR,2
11271,BRGT,JBP,WCR,2
11272,BRGT,JBP,WCR,1
11273,BRGT,JBP,WCR,2
11274,BRGT,JBP,WCR,1
03380,BRGW,JBP,WCR,1
08611,BRGW,JBP,WCR,2
08612,BRGW,JBP,WCR,1
09619,BRGW,JBP,WCR,1
09620,BRGW,JBP,WCR,1
11447,BRGW,JBP,WCR,1
11448,BRGW,JBP,WCR,2
11651,BRGW,JBP,WCR,1
11652,BRGW,JBP,WCR,2
13025,BRGW,JBP,WCR,2
13026,BRGW,JBP,WCR,1
18009,BRGW,JBP,WCR,2
18010,BRGW,JBP,WCR,1
19413,BRGW,JBP,WCR,1
19414,BRGW,JBP,WCR,2
19607,BRGW,JBP,WCR,2
19608,BRGW,JBP,WCR,1
22165,BRGW,JBP,WCR,1
22166,BRGW,JBP,WCR,2
22167,BRGW,JBP,WCR,2
22168,BRGW,JBP,WCR,1
11273,BUU,JBP,WCR,1
11274,BUU,JBP,WCR,2
11705,BUU,JBP,WCR,1
11706,BUU,JBP,WCR,2
11273,CTHR,JBP,WCR,2
11274,CTHR,JBP,WCR,3
11271,DDCE,JBP,WCR,2
11272,DDCE,JBP,WCR,1
11273,DDCE,JBP,WCR,2
11274,DDCE,JBP,WCR,1
11705,DDCE,JBP,WCR,2
11706,DDCE,JBP,WCR,1
18233,DDCE,JBP,WCR,2
18234,DDCE,JBP,WCR,1
22189,DDCE,JBP,WCR,2
22190,DDCE,JBP,WCR,1
11601,DGD,JBP,WCR,1
11602,DGD,JBP,WCR,2
61619,DGD,JBP,WCR,1
61620,DGD,JBP,WCR,2
02192,DMO,JBP,WCR,1
08611,DMO,JBP,WCR,1
08612,DMO,JBP,WCR,2
09619,DMO,JBP,WCR,1
09620,DMO,JBP,WCR,2
11071,DMO,JBP,WCR,2
11072,DMO,JBP,WCR,2
11271,DMO,JBP,WCR,2
11272,DMO,JBP,WCR,3
11465,DMO,JBP,WCR,2
11466,DMO,JBP,WCR,2
11601,DMO,JBP,WCR,3
11602,DMO,JBP,WCR,2
11703,DMO,JBP,WCR,1
11704,DMO,JBP,WCR,2
12185,DMO,JBP,WCR,2
12186,DMO,JBP,WCR,1
13025,DMO,JBP,WCR,2
13026,DMO,JBP,WCR,2
15559,DMO,JBP,WCR,1
15560,DMO,JBP,WCR,2
18009,DMO,JBP,WCR,1
18010,DMO,JBP,WCR,2
18235,DMO,JBP,WCR,3
18236,DMO,JBP,WCR,1
18477,DMO,JBP,WCR,1
18478,DMO,JBP,WCR,2
19091,DMO,JBP,WCR,2
19092,DMO,JBP,WCR,1
19413,DMO,JBP,WCR,2
19414,DMO,JBP,WCR,1
19421,DMO,JBP,WCR,2
19422,DMO,JBP,WCR,1
19489,DMO,JBP,WCR,2
19490,DMO,JBP,WCR,1
19607,DMO,JBP,WCR,1
19608,DMO,JBP,WCR,2
20471,DMO,JBP,WCR,2
20472,DMO,JBP,WCR,1
20807,DMO,JBP,WCR,1
20808,DMO,JBP,WCR,2
20971,DMO,JBP,WCR,2
20972,DMO,JBP,WCR,1
22165,DMO,JBP,WCR,2
22166,DMO,JBP,WCR,1
22167,DMO,JBP,WCR,1
22168,DMO,JBP,WCR,2
22169,DMO,JBP,WCR,2
22170,DMO,JBP,WCR,1
22829,DMO,JBP,WCR,2
22830,DMO,JBP,WCR,2
22911,DMO,JBP,WCR,2
22912,DMO,JBP,WCR,1
61619,DMO,JBP,WCR,3
61620,DMO,JBP,WCR,2
11271,DOE,JBP,WCR,1
11272,DOE,JBP,WCR,2
11273,DOE,JBP,WCR,1
11274,DOE,JBP,WCR,2
11651,DOE,JBP,WCR,1
11652,DOE,JBP,WCR,2
11705,DOE,JBP,WCR,1
11706,DOE,JBP,WCR,2
18233,DOE,JBP,WCR,1
18234,DOE,JBP,WCR,2
11271,GAJ,JBP,WCR,2
11272,GAJ,JBP,WCR,1
11601,GAJ,JBP,WCR,1
11602,GAJ,JBP,WCR,2
18235,GAJ,JBP,WCR,1
18236,GAJ,JBP,WCR,2
61619,GAJ,JBP,WCR,1
61620,GAJ,JBP,WCR,2
11651,GAJB,JBP,WCR,2
11652,GAJB,JBP,WCR,2
02187,GAR,JBP,WCR,2
02188,GAR,JBP,WCR,1
07651,GAR,JBP,WCR,1
07652,GAR,JBP,WCR,2
11271,GAR,JBP,WCR,1
11272,GAR,JBP,WCR,2
11273,GAR,JBP,WCR,1
11274,GAR,JBP,WCR,2
12321,GAR,JBP,WCR,2
12322,GAR,JBP,WCR,1
13201,GAR,JBP,WCR,2
13202,GAR,JBP,WCR,1
15017,GAR,JBP,WCR,1
15018,GAR,JBP,WCR,2
16601,GAR,JBP,WCR,1
16602,GAR,JBP,WCR,2
18233,GAR,JBP,WCR,1
18234,GAR,JBP,WCR,2
20905,GAR,JBP,WCR,1
20906,GAR,JBP,WCR,2
22145,GAR,JBP,WCR,1
22146,GAR,JBP,WCR,2
11601,GEA,JBP,WCR,4
11602,GEA,JBP,WCR,1
18235,GEA,JBP,WCR,4
18236,GEA,JBP,WCR,1
61619,GEA,JBP,WCR,4
61620,GEA,JBP,WCR,1
11271,GMD,JBP,WCR,1
11272,GMD,JBP,WCR,2
11273,GMD,JBP,WCR,1
11274,GMD,JBP,WCR,2
11273,GPC,JBP,WCR,2
11274,GPC,JBP,WCR,1
11273,GRO,JBP,WCR,2
11274,GRO,JBP,WCR,1
11271,GSPR,JBP,WCR,2
11272,GSPR,JBP,WCR,1
11273,GSPR,JBP,WCR,2
11274,GSPR,JBP,WCR,1
11705,GSPR,JBP,WCR,2
11706,GSPR,JBP,WCR,1
18233,GSPR,JBP,WCR,2
18234,GSPR,JBP,WCR,1
22189,GSPR,JBP,WCR,2
22190,GSPR,JBP,WCR,1
11601,GW,JBP,WCR,2
11602,GW,JBP,WCR,3
18235,GW,JBP,WCR,1
18236,GW,JBP,WCR,4
61619,GW,JBP,WCR,1
61620,GW,JBP,WCR,3
11601,HDU,JBP,WCR,2
11602,HDU,JBP,WCR,1
18235,HDU,JBP,WCR,2
18236,HDU,JBP,WCR,1
61619,HDU,JBP,WCR,2
61620,HDU,JBP,WCR,1
11705,HNM,JBP,WCR,3
11706,HNM,JBP,WCR,3
11601,ISH,JBP,WCR,1
11602,ISH,JBP,WCR,2
18235,ISH,JBP,WCR,1
18236,ISH,JBP,WCR,2
61619,ISH,JBP,WCR,1
61620,ISH,JBP,WCR,2
01053,JBP,JBP,WCR,3
01054,JBP,JBP,WCR,2
01665,JBP,JBP,WCR,5
01666,JBP,JBP,WCR,1
02187,JBP,JBP,WCR,1
02188,JBP,JBP,WCR,5
03251,JBP,JBP,WCR,1
03252,JBP,JBP,WCR,5
03259,JBP,JBP,WCR,1
03260,JBP,JBP,WCR,5
03679,JBP,JBP,WCR,2
03680,JBP,JBP,WCR,6
04115,JBP,JBP,WCR,1
04116,JBP,JBP,WCR,1
04151,JBP,JBP,WCR,1
04152,JBP,JBP,WCR,4
05289,JBP,JBP,WCR,2
05290,JBP,JBP,WCR,4
05293,JBP,JBP,WCR,2
05294,JBP,JBP,WCR,5
05557,JBP,JBP,WCR,1
05558,JBP,JBP,WCR,5
06509,JBP,JBP,WCR,4
06510,JBP,JBP,WCR,1
07008,JBP,JBP,WCR,4
07419,JBP,JBP,WCR,3
07420,JBP,JBP,WCR,3
07651,JBP,JBP,WCR,5
07652,JBP,JBP,WCR,1
09033,JBP,JBP,WCR,5
09034,JBP,JBP,WCR,1
09045,JBP,JBP,WCR,5
09046,JBP,JBP,WCR,2
09065,JBP,JBP,WCR,4
09066,JBP,JBP,WCR,1
11015,JBP,JBP,WCR,3
11016,JBP,JBP,WCR,3
11033,JBP,JBP,WCR,6
11034,JBP,JBP,WCR,1
11037,JBP,JBP,WCR,6
11038,JBP,JBP,WCR,1
11045,JBP,JBP,WCR,5
11046,JBP,JBP,WCR,1
11055,JBP,JBP,WCR,5
11056,JBP,JBP,WCR,1
11059,JBP,JBP,WCR,5
11060,JBP,JBP,WCR,1
11061,JBP,JBP,WCR,5
11062,JBP,JBP,WCR,1
11081,JBP,JBP,WCR,6
11082,JBP,JBP,WCR,1
11271,JBP,JBP,WCR,3
11272,JBP,JBP,WCR,1
11273,JBP,JBP,WCR,5
11274,JBP,JBP,WCR,1
11427,JBP,JBP,WCR,3
11428,JBP,JBP,WCR,1
11447,JBP,JBP,WCR,2
11448,JBP,JBP,WCR,2
11465,JBP,JBP,WCR,3
11466,JBP,JBP,WCR,6
11651,JBP,JBP,WCR,3
11652,JBP,JBP,WCR,1
11705,JBP,JBP,WCR,4
11706,JBP,JBP,WCR,4
11753,JBP,JBP,WCR,4
11754,JBP,JBP,WCR,1
11755,JBP,JBP,WCR,4
11756,JBP,JBP,WCR,1
12141,JBP,JBP,WCR,5
12142,JBP,JBP,WCR,1
12149,JBP,JBP,WCR,6
12150,JBP,JBP,WCR,1
12165,JBP,JBP,WCR,5
12166,JBP,JBP,WCR,1
12167,JBP,JBP,WCR,5
12168,JBP,JBP,WCR,1
12189,JBP,JBP,WCR,6
12190,JBP,JBP,WCR,3
12293,JBP,JBP,WCR,5
12294,JBP,JBP,WCR,1
12295,JBP,JBP,WCR,5
12296,JBP,JBP,WCR,1
12321,JBP,JBP,WCR,1
12322,JBP,JBP,WCR,5
12335,JBP,JBP,WCR,1
12336,JBP,JBP,WCR,5
12361,JBP,JBP,WCR,1
12362,JBP,JBP,WCR,5
12389,JBP,JBP,WCR,1
12390,JBP,JBP,WCR,6
12519,JBP,JBP,WCR,5
12520,JBP,JBP,WCR,1
12539,JBP,JBP,WCR,5
12540,JBP,JBP,WCR,1
12545,JBP,JBP,WCR,1
12546,JBP,JBP,WCR,6
12577,JBP,JBP,WCR,1
12578,JBP,JBP,WCR,5
12669,JBP,JBP,WCR,5
12670,JBP,JBP,WCR,1
12741,JBP,JBP,WCR,3
12742,JBP,JBP,WCR,1
12791,JBP,JBP,WCR,4
12792,JBP,JBP,WCR,1
13201,JBP,JBP,WCR,1
13202,JBP,JBP,WCR,5
15017,JBP,JBP,WCR,5
15018,JBP,JBP,WCR,2
15181,JBP,JBP,WCR,1
15182,JBP,JBP,WCR,4
15205,JBP,JBP,WCR,5
15206,JBP,JBP,WCR,5
15267,JBP,JBP,WCR,1
15268,JBP,JBP,WCR,6
15647,JBP,JBP,WCR,5
15648,JBP,JBP,WCR,1
15945,JBP,JBP,WCR,5
15946,JBP,JBP,WCR,1
16367,JBP,JBP,WCR,5
16368,JBP,JBP,WCR,1
16601,JBP,JBP,WCR,5
16602,JBP,JBP,WCR,2
17323,JBP,JBP,WCR,5
17324,JBP,JBP,WCR,1
17609,JBP,JBP,WCR,1
17610,JBP,JBP,WCR,6
18233,JBP,JBP,WCR,5
18234,JBP,JBP,WCR,1
18609,JBP,JBP,WCR,1
18610,JBP,JBP,WCR,6
19045,JBP,JBP,WCR,5
19046,JBP,JBP,WCR,1
19051,JBP,JBP,WCR,5
19052,JBP,JBP,WCR,1
20152,JBP,JBP,WCR,1
20173,JBP,JBP,WCR,2
20174,JBP,JBP,WCR,1
20827,JBP,JBP,WCR,3
20828,JBP,JBP,WCR,5
20903,JBP,JBP,WCR,5
20904,JBP,JBP,WCR,1
20905,JBP,JBP,WCR,5
20906,JBP,JBP,WCR,1
20929,JBP,JBP,WCR,6
20930,JBP,JBP,WCR,1
20933,JBP,JBP,WCR,3
20934,JBP,JBP,WCR,1
22103,JBP,JBP,WCR,6
22104,JBP,JBP,WCR,1
22131,JBP,JBP,WCR,6
22132,JBP,JBP,WCR,1
22145,JBP,JBP,WCR,5
22146,JBP,JBP,WCR,1
22177,JBP,JBP,WCR,5
22178,JBP,JBP,WCR,1
22183,JBP,JBP,WCR,5
22184,JBP,JBP,WCR,1
22189,JBP,JBP,WCR,4
22190,JBP,JBP,WCR,3
22311,JBP,JBP,WCR,1
22312,JBP,JBP,WCR,1
22351,JBP,JBP,WCR,1
22352,JBP,JBP,WCR,5
22353,JBP,JBP,WCR,1
22354,JBP,JBP,WCR,5
22359,JBP,JBP,WCR,1
22360,JBP,JBP,WCR,5
22535,JBP,JBP,WCR,5
22536,JBP,JBP,WCR,1
22553,JBP,JBP,WCR,1
22554,JBP,JBP,WCR,5
22563,JBP,JBP,WCR,1
22564,JBP,JBP,WCR,3
22613,JBP,JBP,WCR,5
22614,JBP,JBP,WCR,1
22669,JBP,JBP,WCR,4
22669,JBP,JBP,WCR,6
22670,JBP,JBP,WCR,1
22683,JBP,JBP,WCR,4
22684,JBP,JBP,WCR,1
22687,JBP,JBP,WCR,5
22688,JBP,JBP,WCR,1
22909,JBP,JBP,WCR,5
22910,JBP,JBP,WCR,1
22913,JBP,JBP,WCR,6
22914,JBP,JBP,WCR,1
22937,JBP,JBP,WCR,5
22938,JBP,JBP,WCR,1
22947,JBP,JBP,WCR,5
22948,JBP,JBP,WCR,1
22967,JBP,JBP,WCR,6
22968,JBP,JBP,WCR,1
22971,JBP,JBP,WCR,5
22972,JBP,JBP,WCR,1
11273,JKE,JBP,WCR,3
11274,JKE,JBP,WCR,1
11703,JKE,JBP,WCR,1
11704,JKE,JBP,WCR,2
11705,JKE,JBP,WCR,2
11706,JKE,JBP,WCR,1
15205,JKE,JBP,WCR,1
15206,JKE,JBP,WCR,2
22189,JKE,JBP,WCR,2
22190,JKE,JBP,WCR,1
11651,JOBA,JBP,WCR,1
11652,JOBA,JBP,WCR,2
11271,JRK,JBP,WCR,2
11272,JRK,JBP,WCR,1
11601,JRK,JBP,WCR,1
11602,JRK,JBP,WCR,2
18235,JRK,JBP,WCR,1
18236,JRK,JBP,WCR,2
61619,JRK,JBP,WCR,1
61620,JRK,JBP,WCR,3
11071,JTW,JBP,WCR,2
11072,JTW,JBP,WCR,1
11273,JTW,JBP,WCR,2
11274,JTW,JBP,WCR,1
12189,JTW,JBP,WCR,2
12190,JTW,JBP,WCR,1
13201,JTW,JBP,WCR,1
13202,JTW,JBP,WCR,2
15017,JTW,JBP,WCR,2
15018,JTW,JBP,WCR,1
15205,JTW,JBP,WCR,1
15206,JTW,JBP,WCR,2
08611,KHBJ,JBP,WCR,2
08612,KHBJ,JBP,WCR,1
11447,KHBJ,JBP,WCR,2
11448,KHBJ,JBP,WCR,1
11651,KHBJ,JBP,WCR,1
11652,KHBJ,JBP,WCR,1
22165,KHBJ,JBP,WCR,1
22166,KHBJ,JBP,WCR,1
22167,KHBJ,JBP,WCR,2
22168,KHBJ,JBP,WCR,1
11271,KKB,JBP,WCR,1
11272,KKB,JBP,WCR,2
11273,KKB,JBP,WCR,1
11274,KKB,JBP,WCR,2
11705,KMA,JBP,WCR,1
11706,KMA,JBP,WCR,3
02192,KMZ,JBP,WCR,4
08611,KMZ,JBP,WCR,3
08612,KMZ,JBP,WCR,2
09619,KMZ,JBP,WCR,2
09620,KMZ,JBP,WCR,3
11071,KMZ,JBP,WCR,1
11072,KMZ,JBP,WCR,1
11271,KMZ,JBP,WCR,5
11272,KMZ,JBP,WCR,5
11465,KMZ,JBP,WCR,5
11466,KMZ,JBP,WCR,5
11601,KMZ,JBP,WCR,1
11602,KMZ,JBP,WCR,1
11703,KMZ,JBP,WCR,1
11704,KMZ,JBP,WCR,1
12185,KMZ,JBP,WCR,1
12186,KMZ,JBP,WCR,1
13025,KMZ,JBP,WCR,4
13026,KMZ,JBP,WCR,1
15559,KMZ,JBP,WCR,2
15560,KMZ,JBP,WCR,1
18009,KMZ,JBP,WCR,4
18010,KMZ,JBP,WCR,1
18235,KMZ,JBP,WCR,1
18236,KMZ,JBP,WCR,2
18477,KMZ,JBP,WCR,4
18478,KMZ,JBP,WCR,1
19091,KMZ,JBP,WCR,1
19092,KMZ,JBP,WCR,4
19413,KMZ,JBP,WCR,2
19414,KMZ,JBP,WCR,4
19421,KMZ,JBP,WCR,1
19422,KMZ,JBP,WCR,2
19489,KMZ,JBP,WCR,1
19490,KMZ,JBP,WCR,4
19607,KMZ,JBP,WCR,4
19608,KMZ,JBP,WCR,1
20471,KMZ,JBP,WCR,3
20472,KMZ,JBP,WCR,4
20807,KMZ,JBP,WCR,2
20808,KMZ,JBP,WCR,1
20971,KMZ,JBP,WCR,2
20972,KMZ,JBP,WCR,4
22165,KMZ,JBP,WCR,1
22166,KMZ,JBP,WCR,2
22167,KMZ,JBP,WCR,4
22168,KMZ,JBP,WCR,1
22169,KMZ,JBP,WCR,1
22170,KMZ,JBP,WCR,4
22829,KMZ,JBP,WCR,3
22830,KMZ,JBP,WCR,4
22911,KMZ,JBP,WCR,1
22912,KMZ,JBP,WCR,1
61619,KMZ,JBP,WCR,2
61620,KMZ,JBP,WCR,3
01053,KTE,JBP,WCR,2
01054,KTE,JBP,WCR,3
01665,KTE,JBP,WCR,2
01666,KTE,JBP,WCR,3
02187,KTE,JBP,WCR,4
02188,KTE,JBP,WCR,2
03417,KTE,JBP,WCR,3
03679,KTE,JBP,WCR,4
03680,KTE,JBP,WCR,2
04115,KTE,JBP,WCR,3
04116,KTE,JBP,WCR,3
04151,KTE,JBP,WCR,3
04152,KTE,JBP,WCR,2
05289,KTE,JBP,WCR,3
05290,KTE,JBP,WCR,2
05293,KTE,JBP,WCR,3
05294,KTE,JBP,WCR,2
05557,KTE,JBP,WCR,5
05558,KTE,JBP,WCR,2
07007,KTE,JBP,WCR,2
07008,KTE,JBP,WCR,4
07021,KTE,JBP,WCR,2
07022,KTE,JBP,WCR,3
07419,KTE,JBP,WCR,3
07420,KTE,JBP,WCR,3
07651,KTE,JBP,WCR,2
07652,KTE,JBP,WCR,3
09025,KTE,JBP,WCR,2
09026,KTE,JBP,WCR,4
09031,KTE,JBP,WCR,2
09032,KTE,JBP,WCR,4
09033,KTE,JBP,WCR,2
09034,KTE,JBP,WCR,3
09045,KTE,JBP,WCR,2
09046,KTE,JBP,WCR,3
11033,KTE,JBP,WCR,2
11034,KTE,JBP,WCR,5
11037,KTE,JBP,WCR,2
11038,KTE,JBP,WCR,5
11045,KTE,JBP,WCR,2
11046,KTE,JBP,WCR,5
11061,KTE,JBP,WCR,2
11062,KTE,JBP,WCR,5
11081,KTE,JBP,WCR,2
11082,KTE,JBP,WCR,5
11273,KTE,JBP,WCR,2
11274,KTE,JBP,WCR,3
11427,KTE,JBP,WCR,2
11428,KTE,JBP,WCR,5
11601,KTE,JBP,WCR,2
11602,KTE,JBP,WCR,2
11705,KTE,JBP,WCR,2
11706,KTE,JBP,WCR,4
11753,KTE,JBP,WCR,2
11754,KTE,JBP,WCR,5
11755,KTE,JBP,WCR,2
11756,KTE,JBP,WCR,3
12149,KTE,JBP,WCR,2
12150,KTE,JBP,WCR,5
12165,KTE,JBP,WCR,2
12166,KTE,JBP,WCR,5
12167,KTE,JBP,WCR,2
12168,KTE,JBP,WCR,4
12189,KTE,JBP,WCR,2
12190,KTE,JBP,WCR,5
12295,KTE,JBP,WCR,2
12296,KTE,JBP,WCR,5
12321,KTE,JBP,WCR,4
12322,KTE,JBP,WCR,2
12335,KTE,JBP,WCR,5
12336,KTE,JBP,WCR,2
12361,KTE,JBP,WCR,5
12362,KTE,JBP,WCR,2
12389,KTE,JBP,WCR,5
12390,KTE,JBP,WCR,2
12520,KTE,JBP,WCR,5
12545,KTE,JBP,WCR,5
12546,KTE,JBP,WCR,2
12577,KTE,JBP,WCR,5
12669,KTE,JBP,WCR,2
12670,KTE,JBP,WCR,4
12741,KTE,JBP,WCR,2
12742,KTE,JBP,WCR,5
12791,KTE,JBP,WCR,2
12792,KTE,JBP,WCR,5
13201,KTE,JBP,WCR,5
13202,KTE,JBP,WCR,2
15017,KTE,JBP,WCR,2
15018,KTE,JBP,WCR,4
15181,KTE,JBP,WCR,4
15182,KTE,JBP,WCR,2
15205,KTE,JBP,WCR,5
15206,KTE,JBP,WCR,2
15267,KTE,JBP,WCR,5
15268,KTE,JBP,WCR,2
15647,KTE,JBP,WCR,2
15648,KTE,JBP,WCR,5
15945,KTE,JBP,WCR,2
15946,KTE,JBP,WCR,4
16367,KTE,JBP,WCR,2
16368,KTE,JBP,WCR,3
16601,KTE,JBP,WCR,1
16602,KTE,JBP,WCR,4
17323,KTE,JBP,WCR,2
17324,KTE,JBP,WCR,5
17609,KTE,JBP,WCR,5
17610,KTE,JBP,WCR,2
18247,KTE,JBP,WCR,4
18248,KTE,JBP,WCR,4
18609,KTE,JBP,WCR,5
18610,KTE,JBP,WCR,2
19045,KTE,JBP,WCR,2
19046,KTE,JBP,WCR,5
19051,KTE,JBP,WCR,2
19052,KTE,JBP,WCR,5
20152,KTE,JBP,WCR,5
20173,KTE,JBP,WCR,2
20174,KTE,JBP,WCR,5
20903,KTE,JBP,WCR,2
20904,KTE,JBP,WCR,5
20905,KTE,JBP,WCR,2
20906,KTE,JBP,WCR,5
20929,KTE,JBP,WCR,2
20930,KTE,JBP,WCR,3
20933,KTE,JBP,WCR,2
20934,KTE,JBP,WCR,5
22103,KTE,JBP,WCR,2
22104,KTE,JBP,WCR,5
22131,KTE,JBP,WCR,2
22132,KTE,JBP,WCR,5
22145,KTE,JBP,WCR,2
22146,KTE,JBP,WCR,3
22177,KTE,JBP,WCR,2
22178,KTE,JBP,WCR,5
22183,KTE,JBP,WCR,2
22184,KTE,JBP,WCR,5
22189,KTE,JBP,WCR,2
22190,KTE,JBP,WCR,5
22311,KTE,JBP,WCR,5
22312,KTE,JBP,WCR,5
22351,KTE,JBP,WCR,5
22353,KTE,JBP,WCR,5
22354,KTE,JBP,WCR,2
22535,KTE,JBP,WCR,2
22536,KTE,JBP,WCR,5
22553,KTE,JBP,WCR,5
22563,KTE,JBP,WCR,5
22564,KTE,JBP,WCR,2
22669,KTE,JBP,WCR,2
22670,KTE,JBP,WCR,5
22683,KTE,JBP,WCR,2
22684,KTE,JBP,WCR,5
22687,KTE,JBP,WCR,2
22688,KTE,JBP,WCR,5
22913,KTE,JBP,WCR,2
22914,KTE,JBP,WCR,5
22937,KTE,JBP,WCR,2
22938,KTE,JBP,WCR,5
22947,KTE,JBP,WCR,2
22948,KTE,JBP,WCR,5
22967,KTE,JBP,WCR,2
22968,KTE,JBP,WCR,5
22971,KTE,JBP,WCR,2
22972,KTE,JBP,WCR,5
68747,KTE,JBP,WCR,6
68748,KTE,JBP,WCR,3
11447,KTES,JBP,WCR,2
11448,KTES,JBP,WCR,2
11651,KTES,JBP,WCR,2
11652,KTES,JBP,WCR,2
18233,KTES,JBP,WCR,2
18234,KTES,JBP,WCR,2
20827,KTES,JBP,WCR,2
20828,KTES,JBP,WCR,2
22909,KTES,JBP,WCR,2
22910,KTES,JBP,WCR,2
11271,KY,JBP,WCR,2
11272,KY,JBP,WCR,1
11273,KY,JBP,WCR,2
11274,KY,JBP,WCR,1
12321,KY,JBP,WCR,1
12322,KY,JBP,WCR,2
13201,KY,JBP,WCR,1
13202,KY,JBP,WCR,2
15017,KY,JBP,WCR,2
15018,KY,JBP,WCR,1
18233,KY,JBP,WCR,2
18234,KY,JBP,WCR,1
11071,KYE,JBP,WCR,3
11072,KYE,JBP,WCR,1
11271,KYE,JBP,WCR,1
11272,KYE,JBP,WCR,3
11465,KYE,JBP,WCR,3
11466,KYE,JBP,WCR,1
11601,KYE,JBP,WCR,3
11602,KYE,JBP,WCR,1
11703,KYE,JBP,WCR,1
11704,KYE,JBP,WCR,3
12185,KYE,JBP,WCR,3
12186,KYE,JBP,WCR,1
13025,KYE,JBP,WCR,1
13026,KYE,JBP,WCR,3
18235,KYE,JBP,WCR,3
18236,KYE,JBP,WCR,1
18477,KYE,JBP,WCR,1
18478,KYE,JBP,WCR,3
20807,KYE,JBP,WCR,1
20808,KYE,JBP,WCR,3
22911,KYE,JBP,WCR,3
22912,KYE,JBP,WCR,1
61619,KYE,JBP,WCR,3
61620,KYE,JBP,WCR,1
11601,KYX,JBP,WCR,2
11602,KYX,JBP,WCR,1
61619,KYX,JBP,WCR,2
61620,KYX,JBP,WCR,1
11601,LDA,JBP,WCR,1
11602,LDA,JBP,WCR,2
18235,LDA,JBP,WCR,1
18236,LDA,JBP,WCR,2
61619,LDA,JBP,WCR,1
61620,LDA,JBP,WCR,2
11273,LGCE,JBP,WCR,2
11274,LGCE,JBP,WCR,1
11601,MAKR,JBP,WCR,1
11602,MAKR,JBP,WCR,2
18477,MAKR,JBP,WCR,2
18478,MAKR,JBP,WCR,1
20807,MAKR,JBP,WCR,5B
20808,MAKR,JBP,WCR,1
20971,MAKR,JBP,WCR,1
20972,MAKR,JBP,WCR,2
61619,MAKR,JBP,WCR,1
61620,MAKR,JBP,WCR,2
11651,MFQ,JBP,WCR,2
11652,MFQ,JBP,WCR,2
11071,MJG,JBP,WCR,2
11072,MJG,JBP,WCR,1
11273,MJG,JBP,WCR,3
11274,MJG,JBP,WCR,1
12189,MJG,JBP,WCR,2
12190,MJG,JBP,WCR,1
13201,MJG,JBP,WCR,1
13202,MJG,JBP,WCR,3
15205,MJG,JBP,WCR,1
15206,MJG,JBP,WCR,3
11273,MKD,JBP,WCR,2
11274,MKD,JBP,WCR,1
11271,MKRN,JBP,WCR,1
11272,MKRN,JBP,WCR,2
11601,MKRN,JBP,WCR,2
11602,MKRN,JBP,WCR,1
18235,MKRN,JBP,WCR,2
18236,MKRN,JBP,WCR,1
61619,MKRN,JBP,WCR,2
61620,MKRN,JBP,WCR,1
07007,MML,JBP,WCR,3
07021,MML,JBP,WCR,3
07022,MML,JBP,WCR,2
09025,MML,JBP,WCR,3
09026,MML,JBP,WCR,2
09031,MML,JBP,WCR,3
09032,MML,JBP,WCR,2
11271,MML,JBP,WCR,4
11272,MML,JBP,WCR,1
11273,MML,JBP,WCR,4
11274,MML,JBP,WCR,2
13201,MML,JBP,WCR,1
13202,MML,JBP,WCR,4
15017,MML,JBP,WCR,4
15018,MML,JBP,WCR,1
18233,MML,JBP,WCR,4
18234,MML,JBP,WCR,1
22177,MML,JBP,WCR,3
11447,MWJ,JBP,WCR,1
11448,MWJ,JBP,WCR,2
11651,MWJ,JBP,WCR,1
11652,MWJ,JBP,WCR,2
22165,MWJ,JBP,WCR,1
22166,MWJ,JBP,WCR,2
22167,MWJ,JBP,WCR,2
22168,MWJ,JBP,WCR,1
01666,MYR,JBP,WCR,2
02187,MYR,JBP,WCR,2
02188,MYR,JBP,WCR,1
02192,MYR,JBP,WCR,1
04115,MYR,JBP,WCR,2
04116,MYR,JBP,WCR,2
05289,MYR,JBP,WCR,2
07651,MYR,JBP,WCR,1
07652,MYR,JBP,WCR,1
09033,MYR,JBP,WCR,1
09034,MYR,JBP,WCR,2
11037,MYR,JBP,WCR,1
11038,MYR,JBP,WCR,2
11045,MYR,JBP,WCR,1
11046,MYR,JBP,WCR,2
11055,MYR,JBP,WCR,1
11056,MYR,JBP,WCR,2
11059,MYR,JBP,WCR,1
11060,MYR,JBP,WCR,2
11061,MYR,JBP,WCR,1
11062,MYR,JBP,WCR,2
11071,MYR,JBP,WCR,1
11072,MYR,JBP,WCR,1
11081,MYR,JBP,WCR,1
11082,MYR,JBP,WCR,2
11273,MYR,JBP,WCR,1
11274,MYR,JBP,WCR,1
11703,MYR,JBP,WCR,2
11704,MYR,JBP,WCR,1
11705,MYR,JBP,WCR,1
11706,MYR,JBP,WCR,3
11753,MYR,JBP,WCR,1
11754,MYR,JBP,WCR,2
11755,MYR,JBP,WCR,3
11756,MYR,JBP,WCR,2
12149,MYR,JBP,WCR,1
12150,MYR,JBP,WCR,2
12167,MYR,JBP,WCR,1
12168,MYR,JBP,WCR,2
12185,MYR,JBP,WCR,1
12186,MYR,JBP,WCR,2
12189,MYR,JBP,WCR,1
12190,MYR,JBP,WCR,2
12295,MYR,JBP,WCR,1
12296,MYR,JBP,WCR,2
12321,MYR,JBP,WCR,2
12322,MYR,JBP,WCR,1
12577,MYR,JBP,WCR,2
12578,MYR,JBP,WCR,1
12669,MYR,JBP,WCR,1
12670,MYR,JBP,WCR,2
12791,MYR,JBP,WCR,1
12792,MYR,JBP,WCR,3
13201,MYR,JBP,WCR,2
13202,MYR,JBP,WCR,1
15017,MYR,JBP,WCR,1
15018,MYR,JBP,WCR,2
15205,MYR,JBP,WCR,3
15206,MYR,JBP,WCR,1
15267,MYR,JBP,WCR,2
15268,MYR,JBP,WCR,1
15647,MYR,JBP,WCR,1
15648,MYR,JBP,WCR,2
16367,MYR,JBP,WCR,3
16368,MYR,JBP,WCR,2
16601,MYR,JBP,WCR,1
16602,MYR,JBP,WCR,2
17323,MYR,JBP,WCR,1
17324,MYR,JBP,WCR,2
17609,MYR,JBP,WCR,2
17610,MYR,JBP,WCR,1
18247,MYR,JBP,WCR,1
18248,MYR,JBP,WCR,2
18609,MYR,JBP,WCR,2
18610,MYR,JBP,WCR,1
19045,MYR,JBP,WCR,1
19046,MYR,JBP,WCR,2
19051,MYR,JBP,WCR,1
19052,MYR,JBP,WCR,3
19091,MYR,JBP,WCR,1
19092,MYR,JBP,WCR,2
19489,MYR,JBP,WCR,1
19490,MYR,JBP,WCR,2
20151,MYR,JBP,WCR,1
20152,MYR,JBP,WCR,2
20173,MYR,JBP,WCR,1
20174,MYR,JBP,WCR,2
20905,MYR,JBP,WCR,1
20906,MYR,JBP,WCR,2
22103,MYR,JBP,WCR,1
22104,MYR,JBP,WCR,2
22131,MYR,JBP,WCR,1
22132,MYR,JBP,WCR,2
22145,MYR,JBP,WCR,1
22146,MYR,JBP,WCR,2
22177,MYR,JBP,WCR,1
22178,MYR,JBP,WCR,2
22189,MYR,JBP,WCR,1
22190,MYR,JBP,WCR,2
22687,MYR,JBP,WCR,1
22688,MYR,JBP,WCR,3
22911,MYR,JBP,WCR,1
22912,MYR,JBP,WCR,2
22937,MYR,JBP,WCR,1
22938,MYR,JBP,WCR,2
22967,MYR,JBP,WCR,1
22968,MYR,JBP,WCR,2
22971,MYR,JBP,WCR,1
22972,MYR,JBP,WCR,2
11601,NOI,JBP,WCR,3
11602,NOI,JBP,WCR,2
18235,NOI,JBP,WCR,3
18236,NOI,JBP,WCR,2
61619,NOI,JBP,WCR,3
61620,NOI,JBP,WCR,2
01665,NU,JBP,WCR,1
01666,NU,JBP,WCR,2
02187,NU,JBP,WCR,2
02188,NU,JBP,WCR,1
03679,NU,JBP,WCR,2
03680,NU,JBP,WCR,1
05289,NU,JBP,WCR,2
07651,NU,JBP,WCR,1
07652,NU,JBP,WCR,2
09031,NU,JBP,WCR,1
09032,NU,JBP,WCR,2
09033,NU,JBP,WCR,1
09034,NU,JBP,WCR,2
09045,NU,JBP,WCR,1
09046,NU,JBP,WCR,2
11033,NU,JBP,WCR,1
11034,NU,JBP,WCR,2
11061,NU,JBP,WCR,1
11062,NU,JBP,WCR,2
11081,NU,JBP,WCR,1
11082,NU,JBP,WCR,2
11271,NU,JBP,WCR,1
11272,NU,JBP,WCR,1
11273,NU,JBP,WCR,1
11274,NU,JBP,WCR,2
12295,NU,JBP,WCR,1
12296,NU,JBP,WCR,2
12321,NU,JBP,WCR,2
12322,NU,JBP,WCR,1
12577,NU,JBP,WCR,2
12578,NU,JBP,WCR,1
13201,NU,JBP,WCR,2
13202,NU,JBP,WCR,1
15017,NU,JBP,WCR,1
15018,NU,JBP,WCR,2
17323,NU,JBP,WCR,1
17324,NU,JBP,WCR,2
18233,NU,JBP,WCR,1
18234,NU,JBP,WCR,2
18609,NU,JBP,WCR,2
18610,NU,JBP,WCR,1
20173,NU,JBP,WCR,1
20174,NU,JBP,WCR,2
20905,NU,JBP,WCR,1
20906,NU,JBP,WCR,2
22131,NU,JBP,WCR,1
22132,NU,JBP,WCR,2
22145,NU,JBP,WCR,1
22146,NU,JBP,WCR,2
22177,NU,JBP,WCR,1
22178,NU,JBP,WCR,2
22183,NU,JBP,WCR,1
22184,NU,JBP,WCR,2
22563,NU,JBP,WCR,2
22564,NU,JBP,WCR,1
22683,NU,JBP,WCR,1
22684,NU,JBP,WCR,2
22687,NU,JBP,WCR,1
22688,NU,JBP,WCR,2
22937,NU,JBP,WCR,1
22938,NU,JBP,WCR,2
22967,NU,JBP,WCR,1
22968,NU,JBP,WCR,2
22971,NU,JBP,WCR,1
22972,NU,JBP,WCR,2
11651,NWB,JBP,WCR,1
11652,NWB,JBP,WCR,2
11273,NWR,JBP,WCR,2
11274,NWR,JBP,WCR,1
11705,NWR,JBP,WCR,2
11706,NWR,JBP,WCR,1
18233,NWR,JBP,WCR,2
18234,NWR,JBP,WCR,1
11071,PHA,JBP,WCR,2
11072,PHA,JBP,WCR,1
11465,PHA,JBP,WCR,2
11466,PHA,JBP,WCR,1
11601,PHA,JBP,WCR,2
11602,PHA,JBP,WCR,1
11703,PHA,JBP,WCR,1
11704,PHA,JBP,WCR,2
12185,PHA,JBP,WCR,2
12186,PHA,JBP,WCR,1
13025,PHA,JBP,WCR,1
13026,PHA,JBP,WCR,2
18235,PHA,JBP,WCR,2
18236,PHA,JBP,WCR,1
18477,PHA,JBP,WCR,1
18478,PHA,JBP,WCR,2
22911,PHA,JBP,WCR,2
22912,PHA,JBP,WCR,1
61619,PHA,JBP,WCR,2
61620,PHA,JBP,WCR,1
11273,PKRD,JBP,WCR,1
11274,PKRD,JBP,WCR,2
11705,PKRD,JBP,WCR,1
11706,PKRD,JBP,WCR,2
01665,PPI,JBP,WCR,1
01666,PPI,JBP,WCR,2
02187,PPI,JBP,WCR,4
02188,PPI,JBP,WCR,1
03380,PPI,JBP,WCR,1
03679,PPI,JBP,WCR,2
03680,PPI,JBP,WCR,1
04115,PPI,JBP,WCR,2
04116,PPI,JBP,WCR,1
05289,PPI,JBP,WCR,2
05290,PPI,JBP,WCR,1
05293,PPI,JBP,WCR,2
05294,PPI,JBP,WCR,1
06563,PPI,JBP,WCR,1
06564,PPI,JBP,WCR,2
07021,PPI,JBP,WCR,1
07022,PPI,JBP,WCR,2
07419,PPI,JBP,WCR,1
07420,PPI,JBP,WCR,2
07651,PPI,JBP,WCR,1
07652,PPI,JBP,WCR,2
09031,PPI,JBP,WCR,1
09032,PPI,JBP,WCR,2
09033,PPI,JBP,WCR,1
09034,PPI,JBP,WCR,2
09045,PPI,JBP,WCR,1
11033,PPI,JBP,WCR,1
11034,PPI,JBP,WCR,2
11061,PPI,JBP,WCR,1
11062,PPI,JBP,WCR,2
11081,PPI,JBP,WCR,1
11082,PPI,JBP,WCR,2
11271,PPI,JBP,WCR,1
11272,PPI,JBP,WCR,3
11273,PPI,JBP,WCR,1
11274,PPI,JBP,WCR,3
12295,PPI,JBP,WCR,1
12296,PPI,JBP,WCR,2
12321,PPI,JBP,WCR,2
12322,PPI,JBP,WCR,1
12335,PPI,JBP,WCR,2
12336,PPI,JBP,WCR,1
12577,PPI,JBP,WCR,2
12578,PPI,JBP,WCR,1
12669,PPI,JBP,WCR,1
12670,PPI,JBP,WCR,2
13201,PPI,JBP,WCR,2
13202,PPI,JBP,WCR,1
15017,PPI,JBP,WCR,1
15018,PPI,JBP,WCR,2
15267,PPI,JBP,WCR,2
15268,PPI,JBP,WCR,1
15647,PPI,JBP,WCR,1
15648,PPI,JBP,WCR,2
15946,PPI,JBP,WCR,2
16601,PPI,JBP,WCR,1
16602,PPI,JBP,WCR,2
17323,PPI,JBP,WCR,1
17324,PPI,JBP,WCR,2
18233,PPI,JBP,WCR,1
18234,PPI,JBP,WCR,2
18609,PPI,JBP,WCR,2
18610,PPI,JBP,WCR,1
19045,PPI,JBP,WCR,1
19046,PPI,JBP,WCR,2
20173,PPI,JBP,WCR,1
20174,PPI,JBP,WCR,2
20905,PPI,JBP,WCR,1
20906,PPI,JBP,WCR,2
20933,PPI,JBP,WCR,1
20934,PPI,JBP,WCR,2
22131,PPI,JBP,WCR,1
22132,PPI,JBP,WCR,2
22145,PPI,JBP,WCR,1
22146,PPI,JBP,WCR,2
22177,PPI,JBP,WCR,1
22178,PPI,JBP,WCR,2
22183,PPI,JBP,WCR,1
22184,PPI,JBP,WCR,2
22311,PPI,JBP,WCR,2
22312,PPI,JBP,WCR,1
22353,PPI,JBP,WCR,2
22354,PPI,JBP,WCR,1
22563,PPI,JBP,WCR,2
22564,PPI,JBP,WCR,1
22683,PPI,JBP,WCR,1
22684,PPI,JBP,WCR,2
22687,PPI,JBP,WCR,1
22688,PPI,JBP,WCR,2
22909,PPI,JBP,WCR,1
22910,PPI,JBP,WCR,2
22937,PPI,JBP,WCR,1
22938,PPI,JBP,WCR,2
22947,PPI,JBP,WCR,1
22948,PPI,JBP,WCR,2
22967,PPI,JBP,WCR,1
22968,PPI,JBP,WCR,2
11601,PTHD,JBP,WCR,2
11602,PTHD,JBP,WCR,1
61619,PTHD,JBP,WCR,2
61620,PTHD,JBP,WCR,1
11273,PTWA,JBP,WCR,2
11274,PTWA,JBP,WCR,1
11705,PTWA,JBP,WCR,2
11706,PTWA,JBP,WCR,1
11271,REI,JBP,WCR,2
11272,REI,JBP,WCR,1
11601,REI,JBP,WCR,1
11602,REI,JBP,WCR,2
18235,REI,JBP,WCR,1
18236,REI,JBP,WCR,2
61619,REI,JBP,WCR,1
61620,REI,JBP,WCR,1
02187,REWA,JBP,WCR,3
02188,REWA,JBP,WCR,2
11703,REWA,JBP,WCR,4
11704,REWA,JBP,WCR,3
11705,REWA,JBP,WCR,2
11706,REWA,JBP,WCR,2
11753,REWA,JBP,WCR,2
11754,REWA,JBP,WCR,1
11755,REWA,JBP,WCR,2
11756,REWA,JBP,WCR,1
12185,REWA,JBP,WCR,1
12186,REWA,JBP,WCR,1
18247,REWA,JBP,WCR,1
18248,REWA,JBP,WCR,1
20151,REWA,JBP,WCR,5
20152,REWA,JBP,WCR,2
20152,REWA,JBP,WCR,5
20173,REWA,JBP,WCR,2
20174,REWA,JBP,WCR,1
20905,REWA,JBP,WCR,2
20906,REWA,JBP,WCR,2
22145,REWA,JBP,WCR,5
22146,REWA,JBP,WCR,5
22189,REWA,JBP,WCR,2
22190,REWA,JBP,WCR,1
22937,REWA,JBP,WCR,2
22938,REWA,JBP,WCR,2
11601,RTGN,JBP,WCR,1
11602,RTGN,JBP,WCR,2
61619,RTGN,JBP,WCR,2
61620,RTGN,JBP,WCR,1
11601,RTZ,JBP,WCR,1
11602,RTZ,JBP,WCR,2
61619,RTZ,JBP,WCR,1
61620,RTZ,JBP,WCR,2
11273,SAGM,JBP,WCR,1
11274,SAGM,JBP,WCR,2
11601,SAO,JBP,WCR,4
11602,SAO,JBP,WCR,2
18235,SAO,JBP,WCR,4
18236,SAO,JBP,WCR,2
61619,SAO,JBP,WCR,5
61620,SAO,JBP,WCR,2
11271,SBD,JBP,WCR,1
11272,SBD,JBP,WCR,2
11273,SBD,JBP,WCR,1
11274,SBD,JBP,WCR,2
11705,SBD,JBP,WCR,1
11706,SBD,JBP,WCR,2
18233,SBD,JBP,WCR,1
18234,SBD,JBP,WCR,2
22189,SBD,JBP,WCR,1
22190,SBD,JBP,WCR,2
11271,SCKR,JBP,WCR,2
11272,SCKR,JBP,WCR,1
11273,SCKR,JBP,WCR,2
11274,SCKR,JBP,WCR,1
13201,SCKR,JBP,WCR,1
13202,SCKR,JBP,WCR,2
18233,SCKR,JBP,WCR,2
18234,SCKR,JBP,WCR,1
11447,SGAM,JBP,WCR,1
11448,SGAM,JBP,WCR,1
11651,SGAM,JBP,WCR,1
11652,SGAM,JBP,WCR,1
22165,SGAM,JBP,WCR,1
22166,SGAM,JBP,WCR,1
22167,SGAM,JBP,WCR,1
22168,SGAM,JBP,WCR,1
02192,SGO,JBP,WCR,2
08611,SGO,JBP,WCR,2
08612,SGO,JBP,WCR,1
09619,SGO,JBP,WCR,2
09620,SGO,JBP,WCR,2
11071,SGO,JBP,WCR,1
11072,SGO,JBP,WCR,2
11271,SGO,JBP,WCR,2
11272,SGO,JBP,WCR,1
11465,SGO,JBP,WCR,1
11466,SGO,JBP,WCR,2
11601,SGO,JBP,WCR,1
11602,SGO,JBP,WCR,2
11703,SGO,JBP,WCR,2
11704,SGO,JBP,WCR,1
12185,SGO,JBP,WCR,1
12186,SGO,JBP,WCR,2
13025,SGO,JBP,WCR,2
13026,SGO,JBP,WCR,1
15559,SGO,JBP,WCR,2
15560,SGO,JBP,WCR,1
18009,SGO,JBP,WCR,2
18010,SGO,JBP,WCR,1
18235,SGO,JBP,WCR,1
18236,SGO,JBP,WCR,2
18477,SGO,JBP,WCR,2
18478,SGO,JBP,WCR,1
19091,SGO,JBP,WCR,1
19092,SGO,JBP,WCR,2
19413,SGO,JBP,WCR,1
19414,SGO,JBP,WCR,2
19421,SGO,JBP,WCR,1
19422,SGO,JBP,WCR,2
19489,SGO,JBP,WCR,1
19490,SGO,JBP,WCR,2
19607,SGO,JBP,WCR,2
19608,SGO,JBP,WCR,1
20471,SGO,JBP,WCR,1
20472,SGO,JBP,WCR,2
20807,SGO,JBP,WCR,2
20808,SGO,JBP,WCR,1
20971,SGO,JBP,WCR,1
20972,SGO,JBP,WCR,2
22165,SGO,JBP,WCR,1
22166,SGO,JBP,WCR,2
22167,SGO,JBP,WCR,2
22168,SGO,JBP,WCR,1
22169,SGO,JBP,WCR,1
22170,SGO,JBP,WCR,2
22829,SGO,JBP,WCR,1
22830,SGO,JBP,WCR,2
22911,SGO,JBP,WCR,1
22912,SGO,JBP,WCR,2
61619,SGO,JBP,WCR,1
61620,SGO,JBP,WCR,2
11271,SGP,JBP,WCR,1
11272,SGP,JBP,WCR,2
11273,SGP,JBP,WCR,1
11274,SGP,JBP,WCR,2
13201,SGP,JBP,WCR,2
13202,SGP,JBP,WCR,1
15017,SGP,JBP,WCR,1
15018,SGP,JBP,WCR,2
18233,SGP,JBP,WCR,2
18234,SGP,JBP,WCR,2
11271,SHR,JBP,WCR,1
11272,SHR,JBP,WCR,2
11273,SHR,JBP,WCR,1
11274,SHR,JBP,WCR,2
11447,SHR,JBP,WCR,1
11448,SHR,JBP,WCR,2
11651,SHR,JBP,WCR,1
11652,SHR,JBP,WCR,2
11705,SHR,JBP,WCR,1
11706,SHR,JBP,WCR,2
12189,SHR,JBP,WCR,1
12190,SHR,JBP,WCR,2
13201,SHR,JBP,WCR,2
13202,SHR,JBP,WCR,1
15017,SHR,JBP,WCR,1
15018,SHR,JBP,WCR,2
15205,SHR,JBP,WCR,2
15206,SHR,JBP,WCR,1
18233,SHR,JBP,WCR,1
18234,SHR,JBP,WCR,2
22189,SHR,JBP,WCR,1
22190,SHR,JBP,WCR,2
11705,SKAR,JBP,WCR,1
11706,SKAR,JBP,WCR,2
11601,SMRR,JBP,WCR,1
11602,SMRR,JBP,WCR,2
18235,SMRR,JBP,WCR,1
18236,SMRR,JBP,WCR,1
61619,SMRR,JBP,WCR,1
61620,SMRR,JBP,WCR,1
11273,SQL,JBP,WCR,2
11274,SQL,JBP,WCR,1
11271,SRID,JBP,WCR,2
11272,SRID,JBP,WCR,3
11273,SRID,JBP,WCR,1
11274,SRID,JBP,WCR,3
12321,SRID,JBP,WCR,3
12322,SRID,JBP,WCR,1
13201,SRID,JBP,WCR,3
13202,SRID,JBP,WCR,2
15017,SRID,JBP,WCR,1
15018,SRID,JBP,WCR,3
18233,SRID,JBP,WCR,1
18234,SRID,JBP,WCR,3
22177,SRID,JBP,WCR,2
22178,SRID,JBP,WCR,3
01053,STA,JBP,WCR,2
01054,STA,JBP,WCR,1
01665,STA,JBP,WCR,2
01666,STA,JBP,WCR,1
02187,STA,JBP,WCR,1
02188,STA,JBP,WCR,2
02192,STA,JBP,WCR,2
03251,STA,JBP,WCR,1
03252,STA,JBP,WCR,2
03259,STA,JBP,WCR,1
03260,STA,JBP,WCR,2
03417,STA,JBP,WCR,3
03679,STA,JBP,WCR,1
03680,STA,JBP,WCR,2
04115,STA,JBP,WCR,2
04116,STA,JBP,WCR,2
04151,STA,JBP,WCR,1
04152,STA,JBP,WCR,2
05289,STA,JBP,WCR,2
05290,STA,JBP,WCR,2
05293,STA,JBP,WCR,2
05294,STA,JBP,WCR,3
05557,STA,JBP,WCR,1
05558,STA,JBP,WCR,2
06509,STA,JBP,WCR,2
06510,STA,JBP,WCR,2
07007,STA,JBP,WCR,2
07008,STA,JBP,WCR,1
07021,STA,JBP,WCR,3
07022,STA,JBP,WCR,2
07419,STA,JBP,WCR,2
07420,STA,JBP,WCR,2
07651,STA,JBP,WCR,3
07652,STA,JBP,WCR,1
09025,STA,JBP,WCR,2
09026,STA,JBP,WCR,1
09031,STA,JBP,WCR,3
09032,STA,JBP,WCR,1
09033,STA,JBP,WCR,2
09034,STA,JBP,WCR,1
09045,STA,JBP,WCR,3
09046,STA,JBP,WCR,1
11015,STA,JBP,WCR,2
11016,STA,JBP,WCR,2
11033,STA,JBP,WCR,2
11034,STA,JBP,WCR,3
11037,STA,JBP,WCR,2
11038,STA,JBP,WCR,1
11045,STA,JBP,WCR,2
11046,STA,JBP,WCR,1
11055,STA,JBP,WCR,3
11056,STA,JBP,WCR,1
11059,STA,JBP,WCR,3
11060,STA,JBP,WCR,1
11061,STA,JBP,WCR,2
11062,STA,JBP,WCR,1
11071,STA,JBP,WCR,2
11072,STA,JBP,WCR,1
11081,STA,JBP,WCR,2
11082,STA,JBP,WCR,1
11273,STA,JBP,WCR,3
11274,STA,JBP,WCR,2
11427,STA,JBP,WCR,2
11428,STA,JBP,WCR,1
11703,STA,JBP,WCR,1
11704,STA,JBP,WCR,2
11705,STA,JBP,WCR,2
11706,STA,JBP,WCR,1
11753,STA,JBP,WCR,3
11754,STA,JBP,WCR,1
11755,STA,JBP,WCR,2
11756,STA,JBP,WCR,1
12141,STA,JBP,WCR,3
12142,STA,JBP,WCR,1
12149,STA,JBP,WCR,2
12150,STA,JBP,WCR,1
12165,STA,JBP,WCR,2
12166,STA,JBP,WCR,1
12167,STA,JBP,WCR,2
12168,STA,JBP,WCR,1
12185,STA,JBP,WCR,3
12186,STA,JBP,WCR,1
12189,STA,JBP,WCR,2
12190,STA,JBP,WCR,1
12293,STA,JBP,WCR,2
12294,STA,JBP,WCR,1
12295,STA,JBP,WCR,2
12296,STA,JBP,WCR,1
12321,STA,JBP,WCR,1
12322,STA,JBP,WCR,2
12335,STA,JBP,WCR,1
12336,STA,JBP,WCR,2
12361,STA,JBP,WCR,1
12362,STA,JBP,WCR,2
12389,STA,JBP,WCR,1
12390,STA,JBP,WCR,2
12519,STA,JBP,WCR,2
12520,STA,JBP,WCR,1
12539,STA,JBP,WCR,2
12540,STA,JBP,WCR,1
12545,STA,JBP,WCR,1
12546,STA,JBP,WCR,2
12577,STA,JBP,WCR,1
12578,STA,JBP,WCR,2
12669,STA,JBP,WCR,2
12670,STA,JBP,WCR,1
12741,STA,JBP,WCR,2
12742,STA,JBP,WCR,1
12791,STA,JBP,WCR,2
12792,STA,JBP,WCR,1
13201,STA,JBP,WCR,1
13202,STA,JBP,WCR,2
15017,STA,JBP,WCR,2
15018,STA,JBP,WCR,1
15181,STA,JBP,WCR,3
15182,STA,JBP,WCR,2
15205,STA,JBP,WCR,1
15206,STA,JBP,WCR,2
15267,STA,JBP,WCR,1
15268,STA,JBP,WCR,2
15559,STA,JBP,WCR,1
15560,STA,JBP,WCR,2
15647,STA,JBP,WCR,2
15648,STA,JBP,WCR,1
15945,STA,JBP,WCR,2
15946,STA,JBP,WCR,1
16367,STA,JBP,WCR,2
16368,STA,JBP,WCR,1
16601,STA,JBP,WCR,3
16602,STA,JBP,WCR,1
17323,STA,JBP,WCR,2
17324,STA,JBP,WCR,1
17609,STA,JBP,WCR,1
17610,STA,JBP,WCR,2
18247,STA,JBP,WCR,2
18248,STA,JBP,WCR,1
18609,STA,JBP,WCR,1
18610,STA,JBP,WCR,2
19045,STA,JBP,WCR,2
19046,STA,JBP,WCR,1
19051,STA,JBP,WCR,2
19052,STA,JBP,WCR,1
19091,STA,JBP,WCR,2
19092,STA,JBP,WCR,1
19421,STA,JBP,WCR,2
19422,STA,JBP,WCR,1
19489,STA,JBP,WCR,2
19490,STA,JBP,WCR,1
20152,STA,JBP,WCR,3
20173,STA,JBP,WCR,2
20174,STA,JBP,WCR,1
20903,STA,JBP,WCR,2
20904,STA,JBP,WCR,1
20905,STA,JBP,WCR,2
20906,STA,JBP,WCR,1
20929,STA,JBP,WCR,2
20930,STA,JBP,WCR,1
20933,STA,JBP,WCR,2
20934,STA,JBP,WCR,1
22103,STA,JBP,WCR,2
22104,STA,JBP,WCR,1
22131,STA,JBP,WCR,2
22132,STA,JBP,WCR,1
22145,STA,JBP,WCR,2
22146,STA,JBP,WCR,2
22177,STA,JBP,WCR,3
22178,STA,JBP,WCR,1
22183,STA,JBP,WCR,2
22184,STA,JBP,WCR,1
22189,STA,JBP,WCR,2
22190,STA,JBP,WCR,1
22311,STA,JBP,WCR,1
22312,STA,JBP,WCR,1
22351,STA,JBP,WCR,1
22352,STA,JBP,WCR,2
22353,STA,JBP,WCR,1
22354,STA,JBP,WCR,2
22359,STA,JBP,WCR,1
22360,STA,JBP,WCR,2
22535,STA,JBP,WCR,2
22536,STA,JBP,WCR,1
22553,STA,JBP,WCR,1
22554,STA,JBP,WCR,2
22563,STA,JBP,WCR,1
22564,STA,JBP,WCR,2
22613,STA,JBP,WCR,2
22614,STA,JBP,WCR,1
22669,STA,JBP,WCR,2
22670,STA,JBP,WCR,1
22683,STA,JBP,WCR,2
22684,STA,JBP,WCR,1
22687,STA,JBP,WCR,3
22688,STA,JBP,WCR,1
22911,STA,JBP,WCR,2
22912,STA,JBP,WCR,1
22913,STA,JBP,WCR,2
22914,STA,JBP,WCR,1
22937,STA,JBP,WCR,2
22938,STA,JBP,WCR,1
22947,STA,JBP,WCR,2
22948,STA,JBP,WCR,1
22967,STA,JBP,WCR,2
22968,STA,JBP,WCR,1
22971,STA,JBP,WCR,2
22972,STA,JBP,WCR,1
11271,SYA,JBP,WCR,2
11272,SYA,JBP,WCR,1
11601,SYA,JBP,WCR,1
11602,SYA,JBP,WCR,2
18235,SYA,JBP,WCR,1
18236,SYA,JBP,WCR,2
61619,SYA,JBP,WCR,1
61620,SYA,JBP,WCR,2
11273,TKYR,JBP,WCR,1
11274,TKYR,JBP,WCR,2
11705,TZR,JBP,WCR,2
11706,TZR,JBP,WCR,1
18247,TZR,JBP,WCR,2
18248,TZR,JBP,WCR,2
11273,UDR,JBP,WCR,1
11274,UDR,JBP,WCR,2
11705,UDR,JBP,WCR,1
11706,UDR,JBP,WCR,2
12185,UDR,JBP,WCR,1
12186,UDR,JBP,WCR,2
18247,UDR,JBP,WCR,1
18248,UDR,JBP,WCR,2
22189,UDR,JBP,WCR,1
22190,UDR,JBP,WCR,2
11273,UHR,JBP,WCR,1
11274,UHR,JBP,WCR,3
11705,UHR,JBP,WCR,1
11706,UHR,JBP,WCR,3
12185,UHR,JBP,WCR,1
12186,UHR,JBP,WCR,3
15205,UHR,JBP,WCR,2
15206,UHR,JBP,WCR,1
18247,UHR,JBP,WCR,1
18248,UHR,JBP,WCR,2
22189,UHR,JBP,WCR,1
22190,UHR,JBP,WCR,2
11447,VST,JBP,WCR,1
11448,VST,JBP,WCR,2
11651,VST,JBP,WCR,1
11652,VST,JBP,WCR,2
08611,ATRU,KOTA,WCR,1
08612,ATRU,KOTA,WCR,2
08611,BAZ,KOTA,WCR,3
08612,BAZ,KOTA,WCR,2
09619,BAZ,KOTA,WCR,1
09620,BAZ,KOTA,WCR,1
18009,BAZ,KOTA,WCR,3
18010,BAZ,KOTA,WCR,2
19607,BAZ,KOTA,WCR,3
19608,BAZ,KOTA,WCR,2
20471,BAZ,KOTA,WCR,2
20472,BAZ,KOTA,WCR,3
20971,BAZ,KOTA,WCR,2
20972,BAZ,KOTA,WCR,3
08611,BUDI,KOTA,WCR,1
08612,BUDI,KOTA,WCR,1
19607,BUDI,KOTA,WCR,1
19608,BUDI,KOTA,WCR,1
20971,BUDI,KOTA,WCR,1
20972,BUDI,KOTA,WCR,1
09619,CAG,KOTA,WCR,2
09620,CAG,KOTA,WCR,2
08611,MLGH,KOTA,WCR,1
08612,MLGH,KOTA,WCR,1
08611,SGAC,KOTA,WCR,1
08612,SGAC,KOTA,WCR,2
09619,SGAC,KOTA,WCR,2
09620,SGAC,KOTA,WCR,2
18009,SGAC,KOTA,WCR,1
18010,SGAC,KOTA,WCR,2
19607,SGAC,KOTA,WCR,1
19608,SGAC,KOTA,WCR,2
20471,SGAC,KOTA,WCR,2
20472,SGAC,KOTA,WCR,1
20971,SGAC,KOTA,WCR,2
20972,SGAC,KOTA,WCR,1
09619,SWM,KOTA,WCR,3
09620,SWM,KOTA,WCR,3
20471,SWM,KOTA,WCR,2
20472,SWM,KOTA,WCR,1
11465,ADI,ADI,WR,6
11466,ADI,ADI,WR,1
15559,ADI,ADI,WR,1
15560,ADI,ADI,WR,3
19413,ADI,ADI,WR,3
19414,ADI,ADI,WR,1
19421,ADI,ADI,WR,8
19422,ADI,ADI,WR,1
19489,ADI,ADI,WR,8
19490,ADI,ADI,WR,5
22829,ADI,ADI,WR,8
22830,ADI,ADI,WR,4
22937,ADI,ADI,WR,7
22938,ADI,ADI,WR,1
22967,ADI,ADI,WR,1
22968,ADI,ADI,WR,1
22829,AI,ADI,WR,2
22830,AI,ADI,WR,1
22829,BCOB,ADI,WR,2
22830,BCOB,ADI,WR,1
22829,BHUJ,ADI,WR,1
22830,BHUJ,ADI,WR,3
11465,CLDY,ADI,WR,2
11466,CLDY,ADI,WR,1
22829,DHG,ADI,WR,2
22830,DHG,ADI,WR,3
22829,GIMB,ADI,WR,1
22830,GIMB,ADI,WR,2
22829,SIOB,ADI,WR,2
22830,SIOB,ADI,WR,1
11465,VG,ADI,WR,2
11466,VG,ADI,WR,1
22937,VG,ADI,WR,2
22938,VG,ADI,WR,1
19045,AN,BCT,WR,2
19046,AN,BCT,WR,1
20903,AN,BCT,WR,2
20904,AN,BCT,WR,1
20905,AN,BCT,WR,2
20906,AN,BCT,WR,1
20929,AN,BCT,WR,2
20930,AN,BCT,WR,1
22563,AN,BCT,WR,1
22564,AN,BCT,WR,2
22937,AN,BCT,WR,2
22938,AN,BCT,WR,1
22947,AN,BCT,WR,2
22948,AN,BCT,WR,1
22967,AN,BCT,WR,2
22968,AN,BCT,WR,1
19091,BDTS,BCT,WR,1
19092,BDTS,BCT,WR,2
22913,BDTS,BCT,WR,2
22914,BDTS,BCT,WR,7
22971,BDTS,BCT,WR,5
22972,BDTS,BCT,WR,3
19051,BHET,BCT,WR,2
19052,BHET,BCT,WR,2
22913,BHET,BCT,WR,2
22914,BHET,BCT,WR,2
22971,BHET,BCT,WR,1
22972,BHET,BCT,WR,2
19051,BL,BCT,WR,5
19052,BL,BCT,WR,4
22909,BL,BCT,WR,4
22910,BL,BCT,WR,4
22913,BL,BCT,WR,2
22914,BL,BCT,WR,3
22971,BL,BCT,WR,2
22972,BL,BCT,WR,3
19091,BVI,BCT,WR,8
19092,BVI,BCT,WR,10
22971,BVI,BCT,WR,8
22972,BVI,BCT,WR,10
00901,CHM,BCT,WR,2
00902,CHM,BCT,WR,1
19045,DDE,BCT,WR,3
19046,DDE,BCT,WR,1
22947,DDE,BCT,WR,3
22948,DDE,BCT,WR,1
09033,NDB,BCT,WR,2
09034,NDB,BCT,WR,1
09065,NDB,BCT,WR,2
09066,NDB,BCT,WR,1
19045,NDB,BCT,WR,3
19046,NDB,BCT,WR,1
19051,NDB,BCT,WR,3
19052,NDB,BCT,WR,1
20903,NDB,BCT,WR,3
20904,NDB,BCT,WR,1
20929,NDB,BCT,WR,3
20930,NDB,BCT,WR,1
20933,NDB,BCT,WR,3
20934,NDB,BCT,WR,1
22563,NDB,BCT,WR,1
22564,NDB,BCT,WR,3
22913,NDB,BCT,WR,3
22914,NDB,BCT,WR,1
22937,NDB,BCT,WR,3
22938,NDB,BCT,WR,1
22947,NDB,BCT,WR,3
22948,NDB,BCT,WR,1
22967,NDB,BCT,WR,3
22968,NDB,BCT,WR,1
22971,NDB,BCT,WR,3
22972,NDB,BCT,WR,1
19045,NWU,BCT,WR,3
19046,NWU,BCT,WR,1
22947,NWU,BCT,WR,3
22948,NWU,BCT,WR,1
19045,SNK,BCT,WR,1
19046,SNK,BCT,WR,2
00901,ST,BCT,WR,3
00902,ST,BCT,WR,4
05115,ST,BCT,WR,2
05116,ST,BCT,WR,1
09065,ST,BCT,WR,4
09066,ST,BCT,WR,3
19045,ST,BCT,WR,3
19046,ST,BCT,WR,3
19091,ST,BCT,WR,1
19092,ST,BCT,WR,2
22909,ST,BCT,WR,1
22910,ST,BCT,WR,2
22947,ST,BCT,WR,3
22948,ST,BCT,WR,3
00901,UDN,BCT,WR,3
00902,UDN,BCT,WR,2
19045,UDN,BCT,WR,5
19046,UDN,BCT,WR,4
20903,UDN,BCT,WR,3
20904,UDN,BCT,WR,4
20905,UDN,BCT,WR,3
20906,UDN,BCT,WR,5
20929,UDN,BCT,WR,3
20930,UDN,BCT,WR,3
20933,UDN,BCT,WR,3
20934,UDN,BCT,WR,3
22563,UDN,BCT,WR,3
22564,UDN,BCT,WR,3
22937,UDN,BCT,WR,3
22938,UDN,BCT,WR,4
22947,UDN,BCT,WR,5
22948,UDN,BCT,WR,4
22967,UDN,BCT,WR,4
22968,UDN,BCT,WR,4
19091,VAPI,BCT,WR,1
19092,VAPI,BCT,WR,2
22913,VAPI,BCT,WR,1
22914,VAPI,BCT,WR,2
22971,VAPI,BCT,WR,1
22972,VAPI,BCT,WR,2
19045,VYA,BCT,WR,2
19046,VYA,BCT,WR,1
19051,VYA,BCT,WR,2
19052,VYA,BCT,WR,1
20929,VYA,BCT,WR,2
22947,VYA,BCT,WR,2
22948,VYA,BCT,WR,1
22971,VYA,BCT,WR,2
11465,ANND,BRC,WR,4
11466,ANND,BRC,WR,3
15559,ANND,BRC,WR,3
15560,ANND,BRC,WR,4
19413,ANND,BRC,WR,4
19414,ANND,BRC,WR,3
19421,ANND,BRC,WR,4
19422,ANND,BRC,WR,3
19489,ANND,BRC,WR,4
19490,ANND,BRC,WR,2
22829,ANND,BRC,WR,4
22830,ANND,BRC,WR,2
22937,ANND,BRC,WR,4
22938,ANND,BRC,WR,3
22967,ANND,BRC,WR,4
22968,ANND,BRC,WR,3
20903,BH,BRC,WR,4
20904,BH,BRC,WR,3
20905,BH,BRC,WR,4
20906,BH,BRC,WR,3
22937,BH,BRC,WR,4
22938,BH,BRC,WR,3
22967,BH,BRC,WR,4
22968,BH,BRC,WR,3
19091,BRC,BRC,WR,4
19092,BRC,BRC,WR,1
20903,BRC,BRC,WR,3
20904,BRC,BRC,WR,3
20905,BRC,BRC,WR,3
20906,BRC,BRC,WR,6
22909,BRC,BRC,WR,2
22910,BRC,BRC,WR,2
22937,BRC,BRC,WR,1
22938,BRC,BRC,WR,6
22967,BRC,BRC,WR,2
22968,BRC,BRC,WR,6
11465,CYI,BRC,WR,4
11466,CYI,BRC,WR,1
15559,CYI,BRC,WR,1
15560,CYI,BRC,WR,4
19413,CYI,BRC,WR,4
19414,CYI,BRC,WR,1
19421,CYI,BRC,WR,4
19422,CYI,BRC,WR,1
19489,CYI,BRC,WR,4
19490,CYI,BRC,WR,1
22829,CYI,BRC,WR,1
22830,CYI,BRC,WR,1
11465,DRL,BRC,WR,1
11466,DRL,BRC,WR,2
20903,EKNR,BRC,WR,3
20904,EKNR,BRC,WR,4
20905,EKNR,BRC,WR,3
20906,EKNR,BRC,WR,3
11465,GDA,BRC,WR,3
11466,GDA,BRC,WR,1
15559,GDA,BRC,WR,1
15560,GDA,BRC,WR,3
19413,GDA,BRC,WR,3
19414,GDA,BRC,WR,1
11465,MHD,BRC,WR,3
11466,MHD,BRC,WR,4
11465,ND,BRC,WR,1
11466,ND,BRC,WR,3
19413,ND,BRC,WR,3
19414,ND,BRC,WR,2
19421,ND,BRC,WR,1
19422,ND,BRC,WR,2
22937,ND,BRC,WR,1
22938,ND,BRC,WR,2
22967,ND,BRC,WR,1
22968,ND,BRC,WR,2
11465,GDL,BVC,WR,1
11466,GDL,BVC,WR,1
11465,JLR,BVC,WR,1
11466,JLR,BVC,WR,3
11465,JND,BVC,WR,1
11466,JND,BVC,WR,2
11465,KSD,BVC,WR,1
11466,KSD,BVC,WR,1
11465,MLHA,BVC,WR,2
11466,MLHA,BVC,WR,1
11465,VRL,BVC,WR,1
11466,VRL,BVC,WR,3
11465,VRR,BVC,WR,1
11466,VRR,BVC,WR,1
11465,BKNG,RJT,WR,1
11466,BKNG,RJT,WR,3
11465,RJT,RJT,WR,3
11466,RJT,RJT,WR,1
22937,RJT,RJT,WR,4
22938,RJT,RJT,WR,2
11465,SUNR,RJT,WR,2
11466,SUNR,RJT,WR,1
22937,SUNR,RJT,WR,2
22938,SUNR,RJT,WR,1
11465,THAN,RJT,WR,2
11466,THAN,RJT,WR,1
11465,WKR,RJT,WR,2
11466,WKR,RJT,WR,3
22937,WKR,RJT,WR,2
22938,WKR,RJT,WR,3
11465,AKD,RTM,WR,1
11466,AKD,RTM,WR,2
18233,AKD,RTM,WR,1
18234,AKD,RTM,WR,1
11465,BCH,RTM,WR,1
11466,BCH,RTM,WR,2
11703,BCH,RTM,WR,2
11704,BCH,RTM,WR,1
18233,BCH,RTM,WR,1
18234,BCH,RTM,WR,1
19421,BCH,RTM,WR,1
19422,BCH,RTM,WR,2
18009,CNA,RTM,WR,1
18010,CNA,RTM,WR,2
19607,CNA,RTM,WR,1
19608,CNA,RTM,WR,2
20971,CNA,RTM,WR,2
20972,CNA,RTM,WR,3
11703,DADN,RTM,WR,3
11704,DADN,RTM,WR,3
11465,DHD,RTM,WR,3
11466,DHD,RTM,WR,2
19091,DHD,RTM,WR,3
19092,DHD,RTM,WR,2
19421,DHD,RTM,WR,1
19422,DHD,RTM,WR,2
19489,DHD,RTM,WR,3
19490,DHD,RTM,WR,2
22909,DHD,RTM,WR,3
22910,DHD,RTM,WR,2
11703,DWX,RTM,WR,1
11704,DWX,RTM,WR,2
18233,DWX,RTM,WR,2
18234,DWX,RTM,WR,1
22911,DWX,RTM,WR,2
22912,DWX,RTM,WR,1
11703,INDB,RTM,WR,1
11704,INDB,RTM,WR,4
18233,INDB,RTM,WR,5
18234,INDB,RTM,WR,5
22911,INDB,RTM,WR,4
22912,INDB,RTM,WR,4
11465,KPP,RTM,WR,1
11466,KPP,RTM,WR,2
18233,KPP,RTM,WR,1
18234,KPP,RTM,WR,1
11465,KSH,RTM,WR,1
11466,KSH,RTM,WR,2
18233,KSH,RTM,WR,1
18234,KSH,RTM,WR,1
11465,KUH,RTM,WR,2
11466,KUH,RTM,WR,1
18234,LMNR,RTM,WR,3
11465,MGN,RTM,WR,1
11466,MGN,RTM,WR,2
11465,MKC,RTM,WR,1
11466,MKC,RTM,WR,2
18233,MKC,RTM,WR,1
18234,MKC,RTM,WR,2
22909,MKC,RTM,WR,1
22910,MKC,RTM,WR,2
11465,NAD,RTM,WR,2
11466,NAD,RTM,WR,3
15559,NAD,RTM,WR,3
15560,NAD,RTM,WR,2
19091,NAD,RTM,WR,1
19092,NAD,RTM,WR,3
19413,NAD,RTM,WR,1
19414,NAD,RTM,WR,3
19421,NAD,RTM,WR,1
19422,NAD,RTM,WR,3
19489,NAD,RTM,WR,1
19490,NAD,RTM,WR,3
22829,NAD,RTM,WR,1
22830,NAD,RTM,WR,5
11465,PRB,RTM,WR,1
11466,PRB,RTM,WR,3
11465,RTM,RTM,WR,5
11466,RTM,RTM,WR,4
15559,RTM,RTM,WR,4
15560,RTM,RTM,WR,6
19091,RTM,RTM,WR,5
19092,RTM,RTM,WR,4
19413,RTM,RTM,WR,5
19414,RTM,RTM,WR,4
19421,RTM,RTM,WR,5
19422,RTM,RTM,WR,4
19489,RTM,RTM,WR,5
19490,RTM,RTM,WR,4
22829,RTM,RTM,WR,4
22830,RTM,RTM,WR,4
22909,RTM,RTM,WR,5
22910,RTM,RTM,WR,4
11465,SEH,RTM,WR,2
11466,SEH,RTM,WR,1
11703,SEH,RTM,WR,1
11704,SEH,RTM,WR,2
18233,SEH,RTM,WR,2
18234,SEH,RTM,WR,1
19421,SEH,RTM,WR,2
19422,SEH,RTM,WR,1
11465,SJP,RTM,WR,2
11466,SJP,RTM,WR,1
11703,SJP,RTM,WR,1
11704,SJP,RTM,WR,2
18233,SJP,RTM,WR,2
18234,SJP,RTM,WR,1
19091,SJP,RTM,WR,2
19092,SJP,RTM,WR,1
19413,SJP,RTM,WR,2
19414,SJP,RTM,WR,1
19421,SJP,RTM,WR,2
19422,SJP,RTM,WR,1
22829,SJP,RTM,WR,2
22830,SJP,RTM,WR,1
22911,SJP,RTM,WR,2
22912,SJP,RTM,WR,1
18233,TAN,RTM,WR,2
18234,TAN,RTM,WR,2
11465,UJN,RTM,WR,1
11466,UJN,RTM,WR,4
11703,UJN,RTM,WR,6
11704,UJN,RTM,WR,6
15559,UJN,RTM,WR,5
15560,UJN,RTM,WR,1
18233,UJN,RTM,WR,6
18234,UJN,RTM,WR,6
19091,UJN,RTM,WR,1
19092,UJN,RTM,WR,4
19413,UJN,RTM,WR,1
19414,UJN,RTM,WR,5
19421,UJN,RTM,WR,1
19422,UJN,RTM,WR,5
19489,UJN,RTM,WR,1
19490,UJN,RTM,WR,4
22829,UJN,RTM,WR,1
22830,UJN,RTM,WR,6
22909,UJN,RTM,WR,1
22910,UJN,RTM,WR,6
22911,UJN,RTM,WR,1
22912,UJN,RTM,WR,1
18233,VRG,RTM,WR,1
18234,VRG,RTM,WR,2
